Date	Name	Year	Letterboxd URI	Rating	Rewatch	Tags	Watched Date	Genre	Language	Country	Director	Revenue	Budget
2019-03-13	Under the Skin	2013	https://boxd.it/F9ECB	5,00			2019-03-12	Thriller	en	United Kingdom	Jonathan Glazer	5735963	13300000
2019-03-16	mid90s	2018	https://boxd.it/FiGaH	3,50			2019-03-15	Drama	en	United States of America	Jonah Hill	9300000	1700000
2019-03-17	Skin	2018	https://boxd.it/Flxtr	0,50			2019-03-16	Drama	en	United States of America	Guy Nattiv	0	0
2019-03-18	Come and See	1985	https://boxd.it/FokRL	0,00			2019-03-17	Drama	ru	Soviet Union	Elem Klimov	168817	0
2019-03-18	Vox Lux	2018	https://boxd.it/Fpkfp	4,00			2019-03-17	Drama	en	United States of America	Brady Corbet	1300000	7000000
2019-03-22	Victoria	2015	https://boxd.it/FBozd	4,00			2019-03-21	Crime	de	Germany	Sebastian Schipper	3191971	0
2019-03-24	Dogtooth	2009	https://boxd.it/FGAkf	4,50			2019-03-23	Drama	el	Greece	Yorgos Lanthimos	110248	275000
2019-03-24	Braid	2018	https://boxd.it/FJV8F	4,00			2019-03-24	Thriller	en	United States of America	Mitzi Peirone	0	0
2019-03-25	Green Book	2018	https://boxd.it/FLnD9	3,00			2019-03-24	Drama	en	United States of America	Peter Farrelly	319700000	23000000
2019-03-25	Fantastic Planet	1973	https://boxd.it/FNLHX	4,00			2019-03-25	Animation	fr	France	René Laloux	0	0
2019-03-27	Donnie Darko	2001	https://boxd.it/FTYrl	5,00			2019-03-27	Fantasy	en	United States of America	Richard Kelly	7500000	4500000
2019-03-28	The Killing of a Sacred Deer	2017	https://boxd.it/FWNsN	0,00			2019-03-28	Drama	en	Ireland	Yorgos Lanthimos	10700000	3000000
2019-03-29	Us	2019	https://boxd.it/FXyRZ	5,00			2019-03-28	Horror	en	United States of America	Jordan Peele	256067149	20000000
2019-03-31	Searching	2018	https://boxd.it/G3gSx	4,00			2019-03-30	Thriller	en	United States of America	Aneesh Chaganty	75462037	1000000
2019-04-01	Coherence	2013	https://boxd.it/G7abv	3,50			2019-03-31	Thriller	en	United Kingdom	James Ward Byrkit	139745	50000
2019-04-05	A Simple Favor	2018	https://boxd.it/GhSuh	3,00			2019-04-04	Crime	en	United States of America	Paul Feig	97644617	20000000
2019-04-06	The Student	2016	https://boxd.it/Gky0d	5,00			2019-04-05	Drama	ru	Russia	Kirill Serebrennikov	0	0
2019-04-11	Oxygen	2009	https://boxd.it/GBfcX	4,00			2019-04-11	Thriller	ru	Russia	Ivan Vyrypaev	190411	0
2019-04-12	Corrections Class	2014	https://boxd.it/GBUqV	4,50			2019-04-11	Drama	ru	Russia	Ivan I. Tverdovsky	156888	1500000
2019-04-13	Eighth Grade	2018	https://boxd.it/GF2ML	4,00			2019-04-12	Comedy	en	United States of America	Bo Burnham	13539709	2000000
2019-04-14	Daisies	1966	https://boxd.it/GHPnp	5,00			2019-04-13	Comedy	cs	Czechoslovakia	Věra Chytilová	0	0
2019-04-15	Escape from Alcatraz	1979	https://boxd.it/GKqF5	3,00			2019-04-14	Drama	en	United States of America	Don Siegel	43004381	8000000
2019-04-20	Zodiac	2007	https://boxd.it/GZ3eF	4,00			2019-04-19	Crime	en	United States of America	David Fincher	84785914	65000000
2019-04-21	Crush	2009	https://boxd.it/H1Hof	3,00			2019-04-20	Drama	en	Australia	Jeffrey Gerritsen	0	0
2019-04-24	Acid	2018	https://boxd.it/Hc0zr	4,50			2019-04-23	Drama	ru	Russia	Aleksandr Gorchilin	0	0
2019-04-27	Antichrist	2009	https://boxd.it/HmQXl	0,00			2019-04-27	Drama	en	Denmark	Lars von Trier	7413863	11000000
2019-04-30	Animal Behaviour	2018	https://boxd.it/Hv5y7	3,00			2019-04-29	Comedy	en	United States of America	Alison Snowden	0	0
2019-05-01	Synonyms	2019	https://boxd.it/HxoyJ	5,00			2019-04-30	Comedy	fr	France	Nadav Lapid	242483	2500000
2019-05-05	Paprika	2006	https://boxd.it/HJzT3	4,00			2019-05-05	Animation	ja	Japan	Satoshi Kon	946590	0
2019-05-05	Melancholia	2011	https://boxd.it/HLUrj	5,00			2019-05-05	Drama	en	Denmark	Lars von Trier	15946321	7400000
2019-05-07	Avengers: Endgame	2019	https://boxd.it/HPj2J	3,00			2019-05-06	Adventure	en	United States of America	Anthony Russo	2800000000	356000000
2019-05-07	Guava Island	2019	https://boxd.it/HRTBf	3,50			2019-05-07	Comedy	en	United States of America	Hiro Murai	0	0
2019-05-09	Extremely Wicked, Shockingly Evil and Vile	2019	https://boxd.it/HUtnH	2,50			2019-05-08	Drama	en	United States of America	Joe Berlinger	0	0
2019-05-14	Escape Room	2019	https://boxd.it/I8FFV	3,00			2019-05-13	Horror	en	United States of America	Adam Robitel	155700000	9000000
2019-05-15	Roma	2018	https://boxd.it/Ibl4B	5,00			2019-05-14	Drama	es	Mexico	Alfonso Cuarón	1140769	15000000
2019-05-16	High Life	2018	https://boxd.it/IeiFP	4,50			2019-05-15	Science Fiction	en	United Kingdom	Claire Denis	2133033	8933400
2019-05-18	The Witch: Part 1. The Subversion	2018	https://boxd.it/IjBJB	3,00			2019-05-17	Action	ko	South Korea	Park Hoon-jung	24340302	5500000
2019-05-22	Leto	2018	https://boxd.it/IydNz	4,00			2019-05-22	Music	ru	Russia	Kirill Serebrennikov	0	150000
2019-05-23	Amanda	2018	https://boxd.it/IyW0R	3,50			2019-05-22	Drama	fr	France	Mikhaël Hers	0	0
2019-05-24	Playing the Victim	2006	https://boxd.it/IBX2F	4,00			2019-05-23	Comedy	ru	Russia	Kirill Serebrennikov	0	0
2019-05-25	Revenge	2017	https://boxd.it/IEWqx	4,00			2019-05-25	Action	fr	France	Coralie Fargeat	938055	2900000
2019-05-26	The Third Man	1949	https://boxd.it/IHIxb	4,50			2019-05-25	Thriller	en	United Kingdom	Carol Reed	1226098	0
2019-05-27	Thunder Road	2018	https://boxd.it/ILdPh	4,50			2019-05-26	Comedy	en	United States of America	Jim Cummings	0	0
2019-05-30	Tom at the Farm	2013	https://boxd.it/IVnHd	3,50			2019-05-29	Drama	fr	Canada	Xavier Dolan	687505	0
2019-06-02	The Thin Blue Line	1988	https://boxd.it/J6kRB	4,00			2019-06-02	Crime	en	United States of America	Errol Morris	1209846	0
2019-06-06	Booksmart	2019	https://boxd.it/Ji7XP	5,00			2019-06-06	Comedy	en	United States of America	Olivia Wilde	24849029	6000000
2019-06-07	Dark Phoenix	2019	https://boxd.it/JiQdx	1,50			2019-06-06	Science Fiction	en	United States of America	Simon Kinberg	252442974	200000000
2019-06-09	Chernobyl	2019	https://boxd.it/JoNW7	5,00			2019-06-08	Drama	ru	Russia	Dmitry Kiselev	0	0
2019-06-11	Rushmore	1998	https://boxd.it/JxU8V	5,00			2019-06-11	Comedy	en	United States of America	Wes Anderson	17096053	9000000
2019-06-12	Spider-Man: Into the Spider-Verse	2018	https://boxd.it/Jyxyj	4,50			2019-06-11	Animation	en	United States of America	Bob Persichetti	384298736	90000000
2019-06-12	The Party's Just Beginning	2018	https://boxd.it/JATCV	4,00			2019-06-12	Drama	en	United States of America	Karen Gillan	0	0
2019-06-13	A Quiet Place	2018	https://boxd.it/JCayN	3,50			2019-06-13	Horror	en	United States of America	John Krasinski	341000000	17000000
2019-06-14	Cam	2018	https://boxd.it/JDNGD	3,00			2019-06-13	Mystery	en	United States of America	Daniel Goldhaber	0	0
2019-06-14	Enemy	2013	https://boxd.it/JEJzP	5,00			2019-06-14	Thriller	en	Canada	Denis Villeneuve	3396726	0
2019-06-20	The Vanishing	1988	https://boxd.it/JWQHx	4,00			2019-06-19	Thriller	nl	Netherlands	George Sluizer	0	0
2019-06-22	Pain and Glory	2019	https://boxd.it/K1X5Z	0,00			2019-06-21	Drama	es	Spain	Pedro Almodóvar	37359689	10769016
2019-06-22	If Beale Street Could Talk	2018	https://boxd.it/K2qGF	4,50			2019-06-21	Romance	en	United States of America	Barry Jenkins	20572691	12000000
2019-06-23	The Fool	2014	https://boxd.it/K58x7	0,00			2019-06-22	Drama	ru	Russia	Yury Bykov	0	1300005
2019-06-23	Beau	2011	https://boxd.it/K5ayB	3,50			2019-06-22	Horror	en	United States of America	Ari Aster	0	0
2019-06-23	Munchausen	2013	https://boxd.it/K5Ayn	4,00			2019-06-22	Drama	en	United States of America	Ari Aster	0	0
2019-06-23	C'est la Vie	2016	https://boxd.it/K5ACz	0,00			2019-06-22	Comedy	en	United States of America	Ari Aster	0	0
2019-06-23	The Turtle's Head	2014	https://boxd.it/K5AHT	0,00			2019-06-22	Comedy	en	United States of America	Ari Aster	0	0
2019-06-23	Basically	2014	https://boxd.it/K5FHJ	0,00			2019-06-23	Comedy	en	United States of America	Ari Aster	0	0
2019-06-26	Beanpole	2019	https://boxd.it/Kfcl5	0,00			2019-06-25	Drama	ru	Russia	Kantemir Balagov	0	0
2019-06-27	Phantom Thread	2017	https://boxd.it/KjNE7	4,00			2019-06-27	Drama	en	United States of America	Paul Thomas Anderson	47756590	35000000
2019-06-28	Her	2013	https://boxd.it/Kmw1N	5,00			2019-06-28	Romance	en	United States of America	Spike Jonze	47351251	23000000
2019-06-30	Paris, Texas	1984	https://boxd.it/Kq36n	0,00			2019-06-29	Drama	en	Germany	Wim Wenders	2181987	1750000
2019-07-03	Upgrade	2018	https://boxd.it/KzTvR	4,00			2019-07-02	Action	en	Australia	Leigh Whannell	16706680	5000000
2019-07-03	Necktie	2013	https://boxd.it/KzUJb	0,00			2019-07-02	Drama	en	Greece	Yorgos Lanthimos	0	0
2019-07-04	The Hate U Give	2018	https://boxd.it/KCjE5	3,50			2019-07-03	Crime	en	United States of America	George Tillman Jr.	34934009	23000000
2019-07-05	The Double	2013	https://boxd.it/KGbwF	0,00			2019-07-04	Thriller	en	United Kingdom	Richard Ayoade	200000	0
2019-07-05	Wildlife	2018	https://boxd.it/KGxUJ	5,00			2019-07-05	Drama	en	United States of America	Paul Dano	3097257	0
2019-07-06	Parasite	2019	https://boxd.it/KIYux	5,00			2019-07-05	Comedy	ko	South Korea	Bong Joon-ho	257591776	11363000
2019-07-08	Spotlight	2015	https://boxd.it/KPLH3	3,50			2019-07-07	Drama	en	United States of America	Tom McCarthy	98700000	20000000
2019-07-08	Snowpiercer	2013	https://boxd.it/KPYVx	3,50			2019-07-07	Action	ko	South Korea	Bong Joon-ho	86758912	39200000
2019-07-09	Spider-Man: Far from Home	2019	https://boxd.it/KVSVN	3,50			2019-07-09	Action	en	United States of America	Jon Watts	1131927996	160000000
2019-07-10	You Were Never Really Here	2017	https://boxd.it/KWUYB	4,50			2019-07-09	Crime	en	United Kingdom	Lynne Ramsay	9400000	17000000
2019-07-12	Black Mirror: Smithereens	2019	https://boxd.it/L2M35	3,00			2019-07-11						
2019-07-17	Clue	1985	https://boxd.it/Ll19X	3,00			2019-07-17	Comedy	en	United States of America	Jonathan Lynn	14643997	15000000
2019-07-20	Ferris Bueller's Day Off	1986	https://boxd.it/LrGdj	3,00			2019-07-19	Comedy	en	United States of America	John Hughes	70100000	6000000
2019-07-20	Midsommar	2019	https://boxd.it/Lsn8r	4,50			2019-07-20	Horror	en	United States of America	Ari Aster	48059189	9000000
2019-07-21	The Shining	1980	https://boxd.it/LvpBB	5,00			2019-07-20	Horror	en	United States of America	Stanley Kubrick	44781695	19000000
2019-07-22	Her Smell	2018	https://boxd.it/LycFr	0,00			2019-07-21	Drama	en	United States of America	Alex Ross Perry	0	0
2019-07-22	Strangers on a Train	1951	https://boxd.it/Lz76j	4,00			2019-07-21	Crime	en	United States of America	Alfred Hitchcock	7000000	1200000
2019-07-24	Can You Ever Forgive Me?	2018	https://boxd.it/LFDUR	4,00			2019-07-24	Drama	en	United States of America	Marielle Heller	8586944	0
2019-07-25	Minding the Gap	2018	https://boxd.it/LKfLB	5,00			2019-07-25	Documentary	en	United States of America	Liu Bing	0	0
2019-07-26	Animal World	2018	https://boxd.it/LNqWr	3,50			2019-07-26	Drama	zh	China	Yan Han	0	125000
2019-07-27	Russian Ark	2002	https://boxd.it/LOzCR	4,50			2019-07-26	Drama	ru	Denmark	Aleksandr Sokurov	6723732	0
2019-07-28	John Wick	2014	https://boxd.it/LRsKZ	3,50			2019-07-27	Action	en	United States of America	Chad Stahelski	88761661	20000000
2019-07-28	Lolita	1962	https://boxd.it/LS7pt	2,50			2019-07-27	Drama	en	United States of America	Stanley Kubrick	9250000	2000000
2019-07-29	Fight Club	1999	https://boxd.it/LVsK9	5,00			2019-07-28	Drama	en	United States of America	David Fincher	100853753	63000000
2019-07-30	Crazy Rich Asians	2018	https://boxd.it/LZdFh	2,50			2019-07-29	Comedy	en	United States of America	Jon M. Chu	238539198	30000000
2019-07-31	The Perfect Date	2019	https://boxd.it/M1ZNx	2,00			2019-07-30	Romance	en	United States of America	Chris Nelson	0	0
2019-08-01	John Wick: Chapter 2	2017	https://boxd.it/M5YqF	3,50			2019-07-31	Action	en	United States of America	Chad Stahelski	171539887	40000000
2019-08-01	The Girl with the Dragon Tattoo	2011	https://boxd.it/M7V5X	4,50			2019-08-01	Thriller	en	United States of America	David Fincher	232600000	90000000
2019-08-02	In Fabric	2018	https://boxd.it/M8Nct	3,00			2019-08-01	Horror	en	United Kingdom	Peter Strickland	0	0
2019-08-13	Hard Candy	2005	https://boxd.it/ML9Cz	0,00			2019-08-13	Drama	en	United States of America	David Slade	7000000	950000
2019-08-18	Back to the Future	1985	https://boxd.it/MZl1j	4,50			2019-08-17	Adventure	en	United States of America	Robert Zemeckis	381109762	19000000
2019-08-20	Almost Famous	2000	https://boxd.it/N6tcD	4,00			2019-08-19	Drama	en	United States of America	Cameron Crowe	47386287	60000000
2019-08-22	Asako I & II	2018	https://boxd.it/NdeaV	0,00			2019-08-22	Drama	ja	Japan	Ryusuke Hamaguchi	0	0
2019-08-24	Blue Velvet	1986	https://boxd.it/NjAxJ	0,00			2019-08-23	Crime	en	United States of America	David Lynch	8636706	6000000
2019-08-28	Vertigo	1958	https://boxd.it/NysTd	4,50			2019-08-27	Mystery	en	United States of America	Alfred Hitchcock	7797728	2479000
2019-08-31	Taylor Swift: Reputation Stadium Tour	2018	https://boxd.it/NHqrT	4,50			2019-08-31	Music	en	United States of America	Paul Dugdale	0	0
2019-09-01	Open Your Eyes	1997	https://boxd.it/NI9CR	3,50			2019-08-31	Drama	es	Spain	Alejandro Amenábar	370720	2900000
2019-09-03	Old Joy	2006	https://boxd.it/NQ0uP	5,00			2019-09-02	Drama	en	United States of America	Kelly Reichardt	0	300000
2019-09-04	The Color of Pomegranates	1969	https://boxd.it/NSYPH	0,00			2019-09-03	Drama	hy	Soviet Union	Sergei Parajanov	0	0
2019-09-06	Starfish	2018	https://boxd.it/NZJLf	4,00			2019-09-05	Drama	en	United States of America	A.T. White	0	0
2019-09-07	Memento	2000	https://boxd.it/O27D9	4,00			2019-09-06	Mystery	en	United States of America	Christopher Nolan	40000000	9000000
2019-09-08	Freak Show	2017	https://boxd.it/O5UNN	3,00			2019-09-07	Comedy	en	United States of America	Trudie Styler	0	0
2019-09-09	The Raid	2011	https://boxd.it/O94UP	4,00			2019-09-08	Adventure	en	United States of America	Steven Spielberg	389925971	18000000
2019-09-09	K-12	2019	https://boxd.it/Oa5lD	4,00			2019-09-08	Music	en	United States of America	Melanie Martinez	359377	6000000
2019-09-12	The Dead Don't Die	2019	https://boxd.it/Oj1CN	2,50			2019-09-11	Comedy	en	United States of America	Jim Jarmusch	15800000	11000000
2019-09-15	It Chapter Two	2019	https://boxd.it/Os8gR	4,00			2019-09-14	Horror	en	United States of America	Andy Muschietti	473123154	79000000
2019-09-15	Roundhay Garden Scene	1888	https://boxd.it/OuDCX	0,00			2019-09-15	Documentary	en	United Kingdom	Louis Aimé Augustin Le Prince	0	0
2019-09-16	And So We Put Goldfish in the Pool.	2017	https://boxd.it/Ow0e7	4,50			2019-09-15	Drama	ja	Japan	Makoto Nagahisa	0	0
2019-09-17	Sugar	2017	https://boxd.it/OzMH3	0,00			2019-09-16	Drama	en	United States of America	Matthew Crawford	0	5000
2019-09-17	It Matters	2015	https://boxd.it/OzO19	0,00			2019-09-16	Drama	fr	France	Bénédicte Acolas	0	0
2019-09-17	His Favorite Person	2018	https://boxd.it/OzOGL	4,00			2019-09-16	Drama	en	United States of America	Jacob Isaiah Kelly	0	4000
2019-09-17	Your Girlfriend	2019	https://boxd.it/OzQLN	0,00			2019-09-16	Drama	en	United States of America	Jacob Isaiah Kelly	0	6000
2019-09-30	Memories of Murder	2003	https://boxd.it/PediJ	0,00			2019-09-29	Crime	ko	South Korea	Bong Joon-ho	26000000	2800000
2019-10-03	Doubt	2008	https://boxd.it/Po0z3	4,50			2019-10-02	Drama	en	United States of America	John Patrick Shanley	50907234	20000000
2019-10-04	Fantastic Mr. Fox	2009	https://boxd.it/PqSVV	4,50			2019-10-03	Adventure	en	United States of America	Wes Anderson	46471023	40000000
2019-10-07	Joker	2019	https://boxd.it/PC8l7	4,00			2019-10-06	Crime	en	United States of America	Todd Phillips	1078958629	55000000
2019-10-07	Good Morning	2007	https://boxd.it/PCdYX	0,00			2019-10-06	Drama	it	Italy	Marco Bellocchio	0	0
2019-10-09	Too Many Cooks	2014	https://boxd.it/PMgXt	0,00			2019-10-09	Horror	en	United States of America	Casper Kelly	0	0
2019-10-10	Over	2015	https://boxd.it/PNKcT	5,00			2019-10-09	Drama	en	United States of America	Jörn Threlfall	0	4600
2019-10-10	Next Floor	2008	https://boxd.it/PNSCP	5,00			2019-10-09	Comedy	en	Canada	Denis Villeneuve	0	0
2019-10-13	District 9	2009	https://boxd.it/PYgyR	3,50			2019-10-12	Science Fiction	en	United States of America	Neill Blomkamp	210800000	30000000
2019-10-14	Filth	2013	https://boxd.it/Q41JR	4,00			2019-10-13	Crime	en	United Kingdom	Jon S. Baird	9114264	5000000
2019-10-20	Mermaid	2007	https://boxd.it/QqvbJ	0,00			2019-10-20	Animation	en	United States of America	Lisa Barcy	0	0
2019-10-21	Ad Astra	2019	https://boxd.it/QsBE7	3,50			2019-10-20	Science Fiction	en	United States of America	James Gray	127461872	87500000
2019-10-23	Knick Knack	1989	https://boxd.it/QDANz	0,00			2019-10-23	Animation	en	United States of America	John Lasseter	123967	0
2019-11-01	The Nightingale	2018	https://boxd.it/R8Uap	0,00			2019-11-01	Drama	en	United States of America	Jennifer Kent	855756	0
2019-11-02	Portrait of a Lady on Fire	2019	https://boxd.it/RbUCJ	5,00			2019-11-01	Drama	fr	France	Céline Sciamma	9923127	5740000
2019-11-02	Interesting Ball	2014	https://boxd.it/RejeV	0,00			2019-11-02	Fantasy	en	United States of America	Daniel Scheinert	0	0
2019-11-03	Scary Stories to Tell in the Dark	2019	https://boxd.it/ReQbv	2,50			2019-11-02	Horror	en	Canada	André Øvredal	104500000	25000000
2019-11-04	Babyteeth	2019	https://boxd.it/Rkjlp	3,00			2019-11-03	Drama	en	Australia	Shannon Murphy	989310	0
2019-11-05	Brokeback Mountain	2005	https://boxd.it/RoB3L	4,00			2019-11-04	Drama	en	Canada	Ang Lee	178043761	14000000
2019-11-06	Anima	2019	https://boxd.it/RrcF7	4,50			2019-11-05	Music	en	United Kingdom	Paul Thomas Anderson	0	0
2019-11-06	Great Poetry	2019	https://boxd.it/Rs8v5	4,00			2019-11-05	Drama	ru	Russia	Alexandr Lungin	0	0
2019-11-07	About Endlessness	2019	https://boxd.it/RujyN	0,00			2019-11-06	Drama	sv	Sweden	Roy Andersson	434977	4700000
2019-11-07	Songs from the Second Floor	2000	https://boxd.it/RvuVF	0,00			2019-11-06	Drama	sv	Denmark	Roy Andersson	80334	0
2019-11-08	A Colony	2018	https://boxd.it/Ry7QX	3,50			2019-11-07	Drama	fr	France	Geneviève Dulude-De Celles	0	0
2019-11-08	Elephant	2003	https://boxd.it/RyTOv	3,00			2019-11-07	Crime	en	United States of America	Gus Van Sant	10000000	3000000
2019-11-09	Genesis	2018	https://boxd.it/RBHGP	4,00			2019-11-08	Science Fiction	en	United States of America	Freddie Hutton-Mills	0	0
2019-11-09	And Then We Danced	2019	https://boxd.it/RCl9r	4,50			2019-11-08	Drama	ka	France	Levan Akın	416167	0
2019-11-11	Call Me by Your Name	2017	https://boxd.it/RKKFj	4,50	Yes		2019-11-10	Romance	en	United States of America	Luca Guadagnino	43143046	4000000
2019-11-13	Sonata for Hitler	1989	https://boxd.it/RSdKB	0,00			2019-11-12	Documentary	ru	Soviet Union	Aleksandr Sokurov	0	0
2019-11-14	Mother and Son	1997	https://boxd.it/RUNFV	0,00			2019-11-13	Drama	ru	Germany	Aleksandr Sokurov	0	0
2019-11-16	The Snails	1966	https://boxd.it/S44jZ	0,00			2019-11-16	Animation	fr	France	René Laloux	0	0
2019-11-17	Ten Minutes Older	1978	https://boxd.it/S5J9N	0,00			2019-11-16	Documentary	xx	Soviet Union	Herz Frank	0	0
2019-11-17	Monster	2005	https://boxd.it/S5NBr	0,00			2019-11-17	Horror	en	United States of America	Jennifer Kent	0	0
2019-11-18	HAIM / Valentine	2017	https://boxd.it/S9oCd	4,50			2019-11-17	Music	en	United States of America	Paul Thomas Anderson	0	0
2019-11-18	The Master	2012	https://boxd.it/SagM7	0,00			2019-11-17	Drama	en	United States of America	Paul Thomas Anderson	28258060	32000000
2019-11-19	Star	2014	https://boxd.it/SdXDX	0,00			2019-11-18	Action	cn	Hong Kong	Sammo Hung	0	9023199
2019-11-22	Honeyland	2019	https://boxd.it/SmG4T	0,00			2019-11-21	Documentary	mk	Macedonia	Ljubomir Stefanov	1133735	0
2019-11-24	Crawl	2019	https://boxd.it/SuxIL	3,00			2019-11-23	Thriller	en	Canada	Alexandre Aja	91500000	13500000
2019-11-26	Sign of Disaster	1987	https://boxd.it/SFTDb	0,00			2019-11-26	War	ru	Soviet Union	Mikhail Ptashuk	0	0
2019-11-27	Sunshine Bob	2006	https://boxd.it/SHbPh	0,00			2019-11-26	Science Fiction	en	United States of America	Christian Simmons	0	0
2019-11-27	The Fall	2019	https://boxd.it/SHd8f	0,00			2019-11-26	Horror	en	United Kingdom	Jonathan Glazer	0	0
2019-11-28	Lady Bird	2017	https://boxd.it/SKL43	5,00	Yes		2019-11-27	Drama	en	United States of America	Greta Gerwig	79000000	10000000
2019-11-30	Ready or Not	2019	https://boxd.it/SS7sv	3,50			2019-11-29	Comedy	en	Canada	Matt Bettinelli-Olpin	57600000	6000000
2019-12-01	Anna	2019	https://boxd.it/SVv49	1,50			2019-11-30	Thriller	fr	Russia	Luc Besson	31626978	34000000
2019-12-04	Unbelievable	2019	https://boxd.it/T9Tdn	4,50			2019-12-03	Documentary	en	United States of America	Robin Davey	0	0
2019-12-05	The Death of Dick Long	2019	https://boxd.it/TdurR	4,50			2019-12-04	Comedy	en	United States of America	Daniel Scheinert	36586	0
2019-12-07	Knives Out	2019	https://boxd.it/TjGZt	4,00			2019-12-06	Comedy	en	United States of America	Rian Johnson	312897920	40000000
2019-12-09	La Belle Époque	2019	https://boxd.it/TrUCp	4,00			2019-12-08	Comedy	fr	France	Nicolas Bedos	13935410	11000000
2019-12-09	Love, Antosha	2019	https://boxd.it/TtE6r	0,00			2019-12-08	Documentary	en	United States of America	Garret Price	0	0
2019-12-12	Marriage Story	2019	https://boxd.it/THBlL	5,00			2019-12-12	Drama	en	United States of America	Noah Baumbach	2300000	18000000
2019-12-13	It Follows	2014	https://boxd.it/TJaqD	0,00			2019-12-12	Horror	en	United States of America	David Robert Mitchell	14674076	2000000
2019-12-14	Monos	2019	https://boxd.it/TMi2l	4,00			2019-12-13	Drama	es	Argentina	Alejandro Landes	1929915	1800000
2019-12-19	Give Me Liberty	2019	https://boxd.it/U6mRx	4,00			2019-12-18	Comedy	en	United States of America	Kirill Mikhanovsky	0	0
2019-12-21	When They See Us	2019	https://boxd.it/UfySZ	4,50			2019-12-20	Documentary	en	United States of America	Mark Ritchie	0	0
2019-12-21	Duck Soup	1933	https://boxd.it/Ug3dX	4,50			2019-12-20	Comedy	en	United States of America	Leo McCarey	0	0
2019-12-23	Paddington 2	2017	https://boxd.it/UoUhp	3,50			2019-12-22	Adventure	en	United Kingdom	Paul King	227300000	40000000
2019-12-30	Before Sunrise	1995	https://boxd.it/V1yWX	4,50			2019-12-29	Drama	en	United States of America	Richard Linklater	5987386	2500000
2019-12-30	Before Sunset	2004	https://boxd.it/V3lC5	4,50			2019-12-30	Drama	en	United States of America	Richard Linklater	15992615	2700000
2019-12-31	Tokyo Godfathers	2003	https://boxd.it/V8RdL	3,50			2019-12-31	Animation	ja	Japan	Satoshi Kon	148355	0
2020-01-01	Mommy	2014	https://boxd.it/ViKXR	5,00			2020-01-01	Drama	fr	Canada	Xavier Dolan	3494070	4900000
2020-01-02	The Cabin in the Woods	2011	https://boxd.it/VqGqP	2,50			2020-01-02	Horror	en	United States of America	Drew Goddard	71000000	30000000
2020-01-03	A Rainy Day in New York	2019	https://boxd.it/VsFmB	2,50			2020-01-02	Comedy	en	United States of America	Woody Allen	23800000	25000000
2020-01-03	Koko-di Koko-da	2019	https://boxd.it/VtJZJ	3,50			2020-01-02	Horror	sv	Denmark	Johannes Nyholm	0	0
2020-01-04	Talking Heads	1980	https://boxd.it/VyusF	0,00			2020-01-03	Documentary	pl	Poland	Krzysztof Kieślowski	0	0
2020-01-04	I Lost My Body	2019	https://boxd.it/VAGE3	4,00			2020-01-04	Animation	fr	France	Jérémy Clapin	0	0
2020-01-05	Tramway	1966	https://boxd.it/VF97v	0,00			2020-01-04	Drama	pl	Poland	Krzysztof Kieślowski	0	0
2020-01-05	Great Poetry	2019	https://boxd.it/VFUwx	4,00	Yes		2020-01-04	Drama	ru	Russia	Alexandr Lungin	0	0
2020-01-07	David Lynch: The Art Life	2016	https://boxd.it/VTdFf	3,50			2020-01-06	Documentary	en	United States of America	Jon Nguyen	311470	179554
2020-01-16	Paradise Hills	2019	https://boxd.it/WKlDH	2,50			2020-01-15	Fantasy	en	United States of America	Alice Waddington	0	6000000
2020-01-18	Goldman v Silverman	2020	https://boxd.it/WTIVn	3,50			2020-01-17	Drama	en	United States of America	Josh Safdie	0	0
2020-01-18	The Lighthouse	2019	https://boxd.it/WUt4l	4,50			2020-01-17	Drama	en	United States of America	Robert Eggers	18100000	11000000
2020-01-18	Hair Love	2019	https://boxd.it/WUTzz	3,00			2020-01-17	Animation	en	United States of America	Matthew A. Cherry	0	284058
2020-01-18	Busting a Nut	2019	https://boxd.it/WUWAP	4,00			2020-01-17						
2020-01-18	Patricia	2019	https://boxd.it/WUYGP	3,50			2020-01-17	Thriller	fr	France	Hugo Bergès	0	0
2020-01-20	Corpus Christi	2019	https://boxd.it/X6vKH	4,00			2020-01-19	Drama	pl	Poland	Jan Komasa	9943901	0
2020-01-26	Hot Summer Nights	2017	https://boxd.it/XDY7v	1,50			2020-01-25	Drama	en	United States of America	Elijah Bynum	0	0
2020-01-27	Pure Art	2019	https://boxd.it/XJ0Kf	4,00			2020-01-26	Documentary	ru	Belarus	Maxim Shved	0	0
2020-01-27	Columbus	2017	https://boxd.it/XKG3J	5,00			2020-01-26	Drama	en	United States of America	Kogonada	1015744	700000
2020-02-01	When Lynch Met Lucas	2010	https://boxd.it/Y8bgZ	0,00			2020-01-31	Unknown	en	United States of America	Sascha Ciezata	0	0
2020-02-01	Negative Space	2017	https://boxd.it/Y8bVj	4,50			2020-01-31	Animation	en	France	Ru Kuwahata	0	0
2020-02-02	1917	2019	https://boxd.it/Yf0OZ	4,00			2020-02-01	War	en	United States of America	Sam Mendes	394638258	100000000
2020-02-02	Kitbull	2019	https://boxd.it/YjLm7	0,00			2020-02-02	Animation	en	United States of America	Rosana Sullivan	0	0
2020-02-04	Dracula	2020	https://boxd.it/YuvOh	2,50			2020-02-04	Romance	en	United States of America	Francis Ford Coppola	215900000	40000000
2020-02-06	Waves	2019	https://boxd.it/YBbHT	3,00			2020-02-05	Romance	en	United States of America	Trey Edward Shults	2576990	6000000
2020-02-08	Little Women	2019	https://boxd.it/YJYNH	3,50			2020-02-07	Drama	en	United States of America	Greta Gerwig	216600000	40000000
2020-02-11	Good Time	2017	https://boxd.it/Z3qzr	4,00			2020-02-10	Crime	en	United States of America	Benny Safdie	3283369	0
2020-02-11	Nausicaä of the Valley of the Wind	1984	https://boxd.it/Z5Ur7	0,00			2020-02-11	Adventure	ja	Japan	Hayao Miyazaki	3301446	1000000
2020-02-13	Personal Shopper	2016	https://boxd.it/ZdIiX	3,50			2020-02-12	Drama	fr	France	Olivier Assayas	1305195	6000000
2020-02-14	Jojo Rabbit	2019	https://boxd.it/ZiQ2D	4,50			2020-02-13	Comedy	en	New Zealand	Taika Waititi	82468705	14000000
2020-02-15	The Farewell	2019	https://boxd.it/Znd4P	4,50	Yes		2020-02-14	Comedy	en	United States of America	Lulu Wang	23076657	250300
2020-02-18	Something Left, Something Taken	2010	https://boxd.it/ZFsC9	5,00			2020-02-17	Animation	en	United States of America	Max Porter	0	0
2020-02-18	Perfect Houseguest	2015	https://boxd.it/ZFtPN	0,00			2020-02-17	Animation	en	United States of America	Max Porter	0	0
2020-02-18	World of Tomorrow	2015	https://boxd.it/ZHhbl	3,50			2020-02-17	Animation	en	United States of America	Don Hertzfeldt	0	0
2020-02-21	Hot Fuzz	2007	https://boxd.it/ZXKid	3,50			2020-02-20	Crime	en	United Kingdom	Edgar Wright	80600000	12000000
2020-02-22	Miss Stevens	2016	https://boxd.it/102y8l	4,00			2020-02-22	Comedy	en	United States of America	Julia Hart	4611	0
2020-02-23	To All the Boys: P.S. I Still Love You	2020	https://boxd.it/1088hN	2,50			2020-02-23	Romance	en	United States of America	Michael Fimognari	0	0
2020-02-27	Her	2013	https://boxd.it/10rPJj	5,00	Yes		2020-02-26	Romance	en	United States of America	Spike Jonze	47351251	23000000
2020-02-29	Contagion	2011	https://boxd.it/10Bh7v	3,00			2020-02-29	Drama	en	United Arab Emirates	Steven Soderbergh	137551594	60000000
2020-03-01	Saria	2019	https://boxd.it/10Gk3r	0,00			2020-02-29	Drama	es	Spain	Bryan Buckley	0	0
2020-03-01	Lost & Found	2018	https://boxd.it/10Gv4P	0,00			2020-03-01	Animation	en	United States of America	Spike Brandt	0	0
2020-03-01	The Man Who Was Afraid of Falling	2011	https://boxd.it/10Gwt7	0,00			2020-03-01	Animation	en	United Kingdom	Joseph Wallace	0	0
2020-03-02	The Black Balloon	2012	https://boxd.it/10ME89	3,00			2020-03-01	Drama	en	United States of America	Josh Safdie	0	0
2020-03-04	Blue Valentine	2010	https://boxd.it/10WxqZ	4,00			2020-03-03	Drama	en	United States of America	Derek Cianfrance	15440333	1000000
2020-03-06	Amadeus	1984	https://boxd.it/115all	0,00			2020-03-05	History	en	United States of America	Miloš Forman	90000000	18000000
2020-03-07	Brooklyn	2015	https://boxd.it/119GS5	4,00			2020-03-06	Romance	en	Ireland	John Crowley	62076141	11000000
2020-03-08	Lady Bird	2017	https://boxd.it/11dZt7	5,00	Yes		2020-03-07	Drama	en	United States of America	Greta Gerwig	79000000	10000000
2020-03-12	Richard Jewell	2019	https://boxd.it/11wnnD	3,50			2020-03-11	Drama	en	United States of America	Clint Eastwood	33900000	45000000
2020-03-15	It Comes at Night	2017	https://boxd.it/11Kfrv	4,00			2020-03-14	Drama	en	United States of America	Trey Edward Shults	19280931	5000000
2020-03-16	Burning	2018	https://boxd.it/11PTcP	4,50			2020-03-15	Unknown	en	United States of America	VS Sanoj	0	0
2020-03-19	The Rocky Horror Picture Show	1975	https://boxd.it/126YDb	3,50			2020-03-18	Comedy	en	United Kingdom	Jim Sharman	112892319	1200000
2020-03-20	Playground	2016	https://boxd.it/12cCmf	2,50			2020-03-19	Drama	fr	France	Julien Abraham	0	0
2020-03-20	The Ritual	2017	https://boxd.it/12dxWz	3,50			2020-03-20	Horror	en	United Kingdom	David Bruckner	1786396	1000000
2020-03-21	10 Cloverfield Lane	2016	https://boxd.it/12iF4F	3,50			2020-03-20	Thriller	en	United States of America	Dan Trachtenberg	110216998	15000000
2020-03-23	Little Women	2019	https://boxd.it/12yo3H	3,50	Yes		2020-03-22	Drama	en	United States of America	Greta Gerwig	216600000	40000000
2020-03-24	Broomshakalaka	2013	https://boxd.it/12FbbH	0,00			2020-03-23	Comedy	en	United States of America	Daniel Scheinert	0	0
2020-03-24	Before Midnight	2013	https://boxd.it/12JKMh	4,50			2020-03-24	Romance	en	United States of America	Richard Linklater	11176469	3000000
2020-03-26	The Girl with All the Gifts	2016	https://boxd.it/12QQUZ	1,00			2020-03-25	Action	en	United Kingdom	Colm McCarthy	0	5005600
2020-03-26	Climax	2018	https://boxd.it/12RlqL	4,50	Yes		2020-03-25	Horror	fr	France	Gaspar Noé	1700000	2900000
2020-03-27	Mommy	2014	https://boxd.it/12ZfMd	5,00	Yes		2020-03-26	Drama	fr	Canada	Xavier Dolan	3494070	4900000
2020-03-30	The Platform	2019	https://boxd.it/13nLat	3,00			2020-03-29	Drama	es	Spain	Galder Gaztelu-Urrutia	1090116	1203235
2020-04-02	Angst	1983	https://boxd.it/13Gox3	0,00			2020-04-01	Thriller	de	Austria	Gerald Kargl	0	472000
2020-04-02	The Edge of Seventeen	2016	https://boxd.it/13HN0Z	4,50			2020-04-01	Comedy	en	United States of America	Kelly Fremon Craig	18803648	9000000
2020-04-03	First Reformed	2017	https://boxd.it/13QmWb	5,00			2020-04-02	Drama	en	United States of America	Paul Schrader	2525738	3500000
2020-04-04	Booksmart	2019	https://boxd.it/13VZLL	5,00	Yes		2020-04-03	Comedy	en	United States of America	Olivia Wilde	24849029	6000000
2020-04-07	Dosed	2019	https://boxd.it/14jYYR	3,50			2020-04-06	Documentary	en	Canada	Tyler Chandler	0	0
2020-04-07	It's Not You, It's Me	2013	https://boxd.it/14kwBR	3,50			2020-04-06	Comedy	en	United States of America	Matt Spicer	0	0
2020-04-08	The Hunt	2020	https://boxd.it/14qP1b	3,00			2020-04-07	Action	en	United States of America	Craig Zobel	10550350	14000000
2020-04-08	Ingrid Goes West	2017	https://boxd.it/14t8V7	3,50			2020-04-08	Comedy	en	United States of America	Matt Spicer	24931915	0
2020-04-10	Swallow	2019	https://boxd.it/14H1YV	4,50			2020-04-10	Drama	en	United States of America	Carlo Mirabella-Davis	274674	0
2020-04-13	Compliance	2012	https://boxd.it/156dbL	0,00			2020-04-12	Drama	en	United States of America	Craig Zobel	592116	270000
2020-04-13	For Sama	2019	https://boxd.it/15cNkh	0,00			2020-04-13	Documentary	en	United Kingdom	Edward Watts	0	0
2020-04-14	All the Bright Places	2020	https://boxd.it/15hs9d	2,50			2020-04-13	Romance	en	United States of America	Brett Haley	0	0
2020-04-14	Lost in Translation	2003	https://boxd.it/15llJr	3,00			2020-04-14	Drama	en	United States of America	Sofia Coppola	119723856	4000000
2020-04-15	The Eyes of My Mother	2016	https://boxd.it/15oQRd	4,00			2020-04-15	Drama	en	United States of America	Nicolas Pesce	0	0
2020-04-16	Ghosts Before Breakfast	1928	https://boxd.it/15zMAp	0,00			2020-04-16	Animation	xx	Germany	Hans Richter	0	0
2020-04-18	Balance	1989	https://boxd.it/15I8ZH	0,00			2020-04-17	Drama	de	Germany	Wolfgang Lauenstein	0	0
2020-04-18	The Gentlemen	2019	https://boxd.it/15JGqN	3,00			2020-04-17	Action	en	United Kingdom	Guy Ritchie	115171795	22000000
2020-04-19	Queen of Hearts	2019	https://boxd.it/15PyKR	4,50			2020-04-18	Drama	da	Denmark	May el-Toukhy	0	19000000
2020-04-19	DAU. Natasha	2020	https://boxd.it/15SuKJ	3,00			2020-04-18	Drama	ru	Russia	Ilya Khrzhanovsky	0	0
2020-04-20	How to Be Loved	1963	https://boxd.it/161cmH	0,00			2020-04-19	Drama	pl	Poland	Wojciech Jerzy Has	0	0
2020-04-22	Call Center	2020	https://boxd.it/16dRRb	3,50			2020-04-21	Documentary	en	United States of America	Geeta Gandbhir	0	0
2020-04-22	Onward	2020	https://boxd.it/16fQh1	3,00			2020-04-21	Family	en	United States of America	Dan Scanlon	141940042	200000000
2020-04-22	Dead Poets Society	1989	https://boxd.it/16kmgn	3,50			2020-04-22	Drama	en	United States of America	Peter Weir	235900000	16400000
2020-04-24	Little Black Mirror: 69.90	2018	https://boxd.it/16sQSn	3,50	Yes		2020-04-23						
2020-04-25	Paterson	2016	https://boxd.it/16zucN	5,00			2020-04-24	Drama	en	United States of America	Jim Jarmusch	2152738	5000000
2020-04-26	The Invisible Man	2020	https://boxd.it/16Hnf7	3,50			2020-04-25	Thriller	en	Australia	Leigh Whannell	144500000	7000000
2020-04-26	Only Lovers Left Alive	2013	https://boxd.it/16NSDV	3,50			2020-04-26	Drama	en	United Kingdom	Jim Jarmusch	7600000	7000000
2020-04-28	It's Such a Beautiful Day	2012	https://boxd.it/16X447	0,00			2020-04-27	Animation	en	United States of America	Don Hertzfeldt	0	0
2020-04-28	Insomnia	2002	https://boxd.it/174rXD	3,00			2020-04-28	Crime	en	Canada	Christopher Nolan	113714830	46000000
2020-04-29	Videodrome	1983	https://boxd.it/17bxvz	0,00			2020-04-29	Horror	en	Canada	David Cronenberg	2120439	5952000
2020-04-30	What We Do in the Shadows	2014	https://boxd.it/17ipgb	4,00			2020-04-30	Comedy	en	New Zealand	Taika Waititi	6300000	1600000
2020-05-01	Drag Me to Hell	2009	https://boxd.it/17kMGv	4,00			2020-04-30	Horror	en	United States of America	Sam Raimi	90810892	30000000
2020-05-01	Tiger King	2020	https://boxd.it/17pOB3	3,50			2020-05-01	Comedy	en	United States of America	Charles Band	0	0
2020-05-03	The Gift	2015	https://boxd.it/17A0xd	3,50			2020-05-02	Thriller	en	United States of America	Joel Edgerton	58978653	5000000
2020-05-03	A Rainy Day in New York	2019	https://boxd.it/17AxBH	2,50	Yes		2020-05-02	Comedy	en	United States of America	Woody Allen	23800000	25000000
2020-05-04	Vita & Virginia	2018	https://boxd.it/17PN7X	3,50			2020-05-04	Comedy	it	Italy	Federico Fellini	19647000	0
2020-05-05	Two Lovers	2008	https://boxd.it/17XdZl	4,00			2020-05-05	Drama	en	United States of America	James Gray	16303643	9800000
2020-05-07	The Place	2017	https://boxd.it/185bID	2,50			2020-05-06	Drama	it	Italy	Paolo Genovese	0	0
2020-05-08	Honey Boy	2019	https://boxd.it/18cwDX	3,50			2020-05-07	Drama	en	United States of America	Alma Har'el	3400977	3500000
2020-05-09	Sometimes, I Think About Dying	2019	https://boxd.it/18k52L	0,00			2020-05-08	Drama	en	United States of America	Stefanie Abel Horowitz	0	0
2020-05-10	Ali: Fear Eats the Soul	1974	https://boxd.it/18qJkH	4,50			2020-05-09	Romance	de	Germany	Rainer Werner Fassbinder	0	130000
2020-05-15	Punch-Drunk Love	2002	https://boxd.it/1935nf	0,00			2020-05-15	Romance	en	United States of America	Paul Thomas Anderson	24665649	25000000
2020-05-17	The Basketball Diaries	1995	https://boxd.it/19gLI1	2,50			2020-05-16	Drama	en	United States of America	Scott Kalvert	2381087	2000000
2020-05-18	System Crasher	2019	https://boxd.it/19pq8p	4,00			2020-05-18	Drama	de	Germany	Nora Fingscheidt	0	0
2020-05-20	Tale in the Darkness	2009	https://boxd.it/19DSzV	0,00			2020-05-20	Drama	ru	Russia	Nikolay Khomeriki	0	0
2020-05-27	My Friend Dahmer	2017	https://boxd.it/1arnx5	2,50			2020-05-26	History	en	United States of America	Marc Meyers	1361611	0
2020-05-28	The Half of It	2020	https://boxd.it/1aznfr	2,50			2020-05-27	Comedy	en	United States of America	Alice Wu	0	0
2020-05-29	Unorthodox	2020	https://boxd.it/1aJnK5	3,50			2020-05-29	Documentary	en	United States of America	Marlene Melchior	0	0
2020-05-30	The Lodge	2019	https://boxd.it/1aKSfJ	3,50			2020-05-29	Drama	en	Canada	Severin Fiala	2679585	0
2020-05-31	Sicario	2015	https://boxd.it/1aR2ah	3,00			2020-05-30	Action	en	United States of America	Denis Villeneuve	84872444	30000000
2020-05-31	Inside Man	2006	https://boxd.it/1aROyB	4,00			2020-05-30	Crime	en	United States of America	Spike Lee	186003591	45000000
2020-05-31	Dragged Across Concrete	2018	https://boxd.it/1aWgZN	3,50			2020-05-31	Crime	en	Canada	S. Craig Zahler	660132	15000000
2020-06-01	Phantom Thread	2017	https://boxd.it/1aXkm3	0,00	Yes		2020-05-31	Drama	en	United States of America	Paul Thomas Anderson	47756590	35000000
2020-06-02	A Pigeon Sat on a Branch Reflecting on Existence	2014	https://boxd.it/1b4sNb	0,00			2020-06-01	Drama	sv	Sweden	Roy Andersson	1472431	0
2020-06-02	Sister	2018	https://boxd.it/1b4PSX	3,50			2020-06-01	Drama	ko	South Korea	Choi Min	0	0
2020-06-02	Carol	2015	https://boxd.it/1b9vHv	3,50			2020-06-02	Romance	en	United States of America	Todd Haynes	40272135	11800000
2020-06-06	Collateral	2004	https://boxd.it/1btwP1	3,00			2020-06-05	Drama	en	United States of America	Michael Mann	220239925	65000000
2020-06-07	At Eternity's Gate	2018	https://boxd.it/1bANR3	4,00			2020-06-06	Drama	en	United States of America	Julian Schnabel	0	0
2020-06-08	Mishima: A Life in Four Chapters	1985	https://boxd.it/1bGoMp	0,00			2020-06-07	Drama	ja	United States of America	Paul Schrader	502758	5000000
2020-06-11	The Place Beyond the Pines	2012	https://boxd.it/1c32eh	3,50			2020-06-10	Drama	en	United States of America	Derek Cianfrance	47135966	15000000
2020-06-11	Little Miss Sunshine	2006	https://boxd.it/1c6AYJ	5,00			2020-06-11	Comedy	en	United States of America	Jonathan Dayton	100523181	8000000
2020-06-12	A Separation	2011	https://boxd.it/1c8hkJ	4,00			2020-06-11	Drama	fa	Iran	Asghar Farhadi	24426169	5000000
2020-06-14	The Best Offer	2013	https://boxd.it/1cliQn	3,50			2020-06-13	Drama	it	Italy	Giuseppe Tornatore	19255873	13500000
2020-06-15	Bad Genius	2017	https://boxd.it/1csjYL	3,50			2020-06-14	Drama	th	Thailand	Nattawut Poonpiriya	42350000	1839169
2020-06-17	American Psycho	2000	https://boxd.it/1cFs7d	3,50			2020-06-16	Thriller	en	United States of America	Mary Harron	34300000	7000000
2020-06-19	Jacob's Ladder	1990	https://boxd.it/1cRV0T	3,00			2020-06-18	Drama	en	United States of America	Adrian Lyne	26118851	25000000
2020-06-20	The Florida Project	2017	https://boxd.it/1cWlBf	3,50			2020-06-19	Drama	en	United States of America	Sean Baker	11303040	2000000
2020-06-20	Safe	1995	https://boxd.it/1cYxV1	4,50			2020-06-20	Drama	en	United States of America	Todd Haynes	0	0
2020-06-21	Drive	2011	https://boxd.it/1d2z7v	4,50			2020-06-20	Drama	en	United States of America	Nicolas Winding Refn	78100000	15000000
2020-06-21	The Neon Demon	2016	https://boxd.it/1d4cNR	4,50			2020-06-20	Thriller	en	Belgium	Nicolas Winding Refn	3400000	7000000
2020-06-24	Lady Bird	2017	https://boxd.it/1dn0fL	5,00	Yes		2020-06-23	Drama	en	United States of America	Greta Gerwig	79000000	10000000
2020-06-26	The Dreamers	2003	https://boxd.it/1dxwrp	4,00			2020-06-25	Drama	en	United States of America	Bernardo Bertolucci	15100000	15000000
2020-06-28	Never Look Away	2018	https://boxd.it/1dJDCN	4,00			2020-06-27	Drama	de	Germany	Florian Henckel von Donnersmarck	4831836	0
2020-06-29	The Way Way Back	2013	https://boxd.it/1dVKsJ	3,50			2020-06-29	Comedy	en	United States of America	Jim Rash	23198652	4600000
2020-07-03	PlayTime	1967	https://boxd.it/1egght	4,00			2020-07-03	Comedy	fr	France	Jacques Tati	0	0
2020-07-04	Magnolia	1999	https://boxd.it/1eqe4R	4,00			2020-07-04	Drama	en	United States of America	Paul Thomas Anderson	48500000	37000000
2020-07-06	12 Angry Men	1957	https://boxd.it/1eA8h1	5,00			2020-07-05	Drama	en	United States of America	Sidney Lumet	1000000	350000
2020-07-08	Clueless	1995	https://boxd.it/1eRtPx	5,00			2020-07-08	Comedy	en	United States of America	Amy Heckerling	56631572	12000000
2020-07-09	Shirley	2020	https://boxd.it/1eX2VZ	0,00			2020-07-09	Drama	en	United States of America	Josephine Decker	230441	0
2020-07-10	In Bruges	2008	https://boxd.it/1eXHtn	4,50			2020-07-09	Comedy	en	United States of America	Martin McDonagh	34533783	15000000
2020-07-11	Ema	2019	https://boxd.it/1f3Ni3	3,50			2020-07-10	Drama	es	Chile	Pablo Larraín	0	0
2020-07-11	Suspiria	1977	https://boxd.it/1f5PSL	3,50			2020-07-11	Horror	it	Italy	Dario Argento	2900000	0
2020-07-13	Days of Heaven	1978	https://boxd.it/1fjWQl	0,00			2020-07-12	Drama	en	United States of America	Terrence Malick	3700000	3000000
2020-07-14	Being John Malkovich	1999	https://boxd.it/1frmC9	0,00			2020-07-13	Comedy	en	United States of America	Spike Jonze	22863596	13000000
2020-07-15	Thelma & Louise	1991	https://boxd.it/1fCiqb	4,50			2020-07-15	Drama	en	United States of America	Ridley Scott	45361000	16000000
2020-07-16	The Witch	2015	https://boxd.it/1fF3Ur	5,00			2020-07-16	Horror	en	United States of America	Robert Eggers	40423945	3500000
2020-07-17	Ghost World	2001	https://boxd.it/1fOrTP	0,00			2020-07-17	Comedy	en	United States of America	Terry Zwigoff	8800000	7000000
2020-07-19	Suspiria	2018	https://boxd.it/1fXcmT	4,50			2020-07-18	Horror	en	Italy	Luca Guadagnino	7900000	20000000
2020-07-20	Holy Motors	2012	https://boxd.it/1g521n	4,00			2020-07-19	Drama	fr	France	Leos Carax	641100	4000000
2020-07-22	Lady Bird	2017	https://boxd.it/1ggiD5	5,00	Yes		2020-07-21	Drama	en	United States of America	Greta Gerwig	79000000	10000000
2020-07-24	Goodnight Mommy	2014	https://boxd.it/1gwsml	3,50			2020-07-24	Horror	de	Austria	Severin Fiala	2193474	0
2020-08-03	The Hourglass Sanatorium	1973	https://boxd.it/1huGTt	0,00			2020-08-02	Drama	pl	Poland	Wojciech Jerzy Has	0	0
2020-08-04	American Honey	2016	https://boxd.it/1hCHi5	5,00			2020-08-04	Drama	en	United Kingdom	Andrea Arnold	2290649	3500000
2020-08-05	Midsommar	2019	https://boxd.it/1hMBYT	4,50	Yes		2020-08-05	Horror	en	United States of America	Ari Aster	48059189	9000000
2020-08-10	Cold War	2018	https://boxd.it/1ijatP	0,00			2020-08-10	Drama	pl	Poland	Paweł Pawlikowski	18754051	4954500
2020-08-11	Columbus	2017	https://boxd.it/1ikkj3	5,00	Yes		2020-08-10	Drama	en	United States of America	Kogonada	1015744	700000
2020-08-11	Mysterious Skin	2004	https://boxd.it/1ikUKJ	4,50			2020-08-10	Drama	en	United States of America	Gregg Araki	1500000	0
2020-08-12	The Kissing Booth 2	2020	https://boxd.it/1iq0aH	0,00			2020-08-11	Comedy	en	United Kingdom	Vince Marcello	0	0
2020-08-12	Kicking and Screaming	1995	https://boxd.it/1irGg5	3,50			2020-08-11	Comedy	en	United States of America	Noah Baumbach	718490	0
2020-08-12	Moonlight	2016	https://boxd.it/1ivLXh	0,00			2020-08-12	Drama	en	United States of America	Barry Jenkins	65046687	4000000
2020-08-14	The Social Network	2010	https://boxd.it/1iCZiB	0,00			2020-08-13	Drama	en	United States of America	David Fincher	224920315	40000000
2020-08-15	The Favourite	2018	https://boxd.it/1iObSD	0,00			2020-08-15	Drama	en	United Kingdom	Yorgos Lanthimos	95918706	15000000
2020-08-18	What Happened to Monday	2017	https://boxd.it/1j4inp	2,50			2020-08-17	Science Fiction	en	United Kingdom	Tommy Wirkola	27975429	20000000
2020-08-18	The Breakfast Club	1985	https://boxd.it/1j5D4v	4,00	Yes		2020-08-17	Comedy	en	United States of America	John Hughes	51525171	1000000
2020-08-19	I May Destroy You	2020	https://boxd.it/1jcHLn	5,00			2020-08-19						
2020-08-19	Birth	2004	https://boxd.it/1jfB2d	0,00			2020-08-19	Drama	en	United States of America	Jonathan Glazer	23900000	20000000
2020-08-22	Inception	2010	https://boxd.it/1jqXO1	4,00			2020-08-21	Action	en	United States of America	Christopher Nolan	825532764	160000000
2020-08-24	Normal People	2020	https://boxd.it/1jFAFF	5,00			2020-08-23	Horror	en	United States of America	Amber Rose McNeill	0	250
2020-08-25	Wake Up	2020	https://boxd.it/1jQzgL	0,00			2020-08-25	Drama	en	United States of America	Olivia Wilde	0	0
2020-08-27	Psycho	1960	https://boxd.it/1k2Osh	4,50			2020-08-26	Horror	en	United States of America	Alfred Hitchcock	32000000	806947
2020-08-31	Palm Springs	2020	https://boxd.it/1kvB8B	3,50			2020-08-31	Comedy	en	United States of America	Max Barbakow	164000	5000000
2020-09-01	Skhizein	2008	https://boxd.it/1kw0uR	0,00			2020-08-31	Drama	fr	France	Jérémy Clapin	0	0
2020-09-01	Host	2020	https://boxd.it/1kxYjr	2,50			2020-08-31	Horror	en	United Kingdom	Rob Savage	443807	100000
2020-09-01	The Strange Thing About the Johnsons	2011	https://boxd.it/1kyxrF	0,00			2020-08-31	Drama	en	United States of America	Ari Aster	0	0
2020-09-02	Locke	2013	https://boxd.it/1kDVLf	0,00			2020-09-01	Drama	en	United Kingdom	Steven Knight	4635300	2000000
2020-09-02	Phineas and Ferb: The Movie: Candace Against the Universe	2020	https://boxd.it/1kIjqt	3,00			2020-09-02	Family	en	United States of America	Bob Bowen	0	0
2020-09-03	The Big Sick	2017	https://boxd.it/1kK14j	4,00			2020-09-02	Comedy	en	United States of America	Michael Showalter	56303596	5000000
2020-09-04	Tenet	2020	https://boxd.it/1kPxvB	3,50			2020-09-03	Action	en	United States of America	Christopher Nolan	365304105	205000000
2020-09-05	Jackie	2016	https://boxd.it/1kW5P3	4,50			2020-09-04	Drama	en	France	Pablo Larraín	13960394	9000000
2020-09-06	Nightcrawler	2014	https://boxd.it/1l3S3r	4,00			2020-09-05	Crime	en	United States of America	Dan Gilroy	50300000	8500000
2020-09-06	Throw Away Your Books, Rally in the Streets	1971	https://boxd.it/1l7JAJ	0,00			2020-09-06	Drama	ja	Japan	Shūji Terayama	0	0
2020-09-07	Hotel Mumbai	2018	https://boxd.it/1l9VUP	3,50			2020-09-06	Thriller	en	Australia	Anthony Maras	16900000	25000000
2020-09-10	Isi & Ossi	2020	https://boxd.it/1lu2bH	3,00			2020-09-09	Romance	de	Germany	Oliver Kienle	0	0
2020-09-12	Synecdoche, New York	2008	https://boxd.it/1lFylL	5,00			2020-09-11	Drama	en	United States of America	Charlie Kaufman	4383538	20000000
2020-09-13	Uncut Gems	2019	https://boxd.it/1lOg83	4,00			2020-09-12	Drama	en	United States of America	Benny Safdie	50000000	19000000
2020-09-17	I'm Thinking of Ending Things	2020	https://boxd.it/1meQ5h	0,00			2020-09-17	Drama	en	United States of America	Charlie Kaufman	0	0
2020-09-18	Never Rarely Sometimes Always	2020	https://boxd.it/1mj9o1	4,00			2020-09-17	Drama	en	United States of America	Eliza Hittman	407807	0
2020-09-20	Eternal Sunshine of the Spotless Mind	2004	https://boxd.it/1muMV1	0,00			2020-09-19	Science Fiction	en	United States of America	Michel Gondry	72258126	20000000
2020-09-20	After	2019	https://boxd.it/1mvxph	1,00			2020-09-19	Romance	en	United States of America	Jenny Gage	69500000	14000000
2020-09-24	Sherlock Holmes	2009	https://boxd.it/1mWm63	3,00			2020-09-23	Action	en	Australia	Guy Ritchie	524028679	90000000
2020-09-25	The New Mutants	2020	https://boxd.it/1n0DLl	1,50			2020-09-24	Science Fiction	en	United States of America	Josh Boone	49169594	67000000
2020-09-25	House	1977	https://boxd.it/1n1WUt	0,00			2020-09-24	Comedy	ja	Japan	Nobuhiko Obayashi	0	0
2020-09-26	Five Feet Apart	2019	https://boxd.it/1n63oH	2,50			2020-09-25	Romance	en	United States of America	Justin Baldoni	92600000	7000000
2020-09-26	12 Suicidal Teens	2019	https://boxd.it/1nbpiB	2,50			2020-09-26	Mystery	ja	Japan	Yukihiko Tsutsumi	0	0
2020-09-27	Get Out	2017	https://boxd.it/1ncIN1	5,00	Yes		2020-09-26	Mystery	en	United States of America	Jordan Peele	255407969	4500000
2020-09-30	A Ghost Story	2017	https://boxd.it/1nyTYt	5,00			2020-09-30	Drama	en	United States of America	David Lowery	1929659	100000
2020-10-09	The Devil All the Time	2020	https://boxd.it/1otUmf	2,50			2020-10-08	Crime	en	United States of America	Antonio Campos	0	0
2020-10-19	Room	2015	https://boxd.it/1pDWwl	0,00			2020-10-19	Drama	en	United States of America	Lenny Abrahamson	35401758	13000000
2020-10-29	Gods	2014	https://boxd.it/1qI34Z	3,00			2020-10-28	Animation	ja	Japan	Masahiro Hosoda	50461371	0
2020-10-29	Unpregnant	2020	https://boxd.it/1qIA7H	3,00			2020-10-28	Drama	en	United States of America	Rachel Lee Goldenberg	0	0
2020-10-31	The Haunting of Bly Manor	2020	https://boxd.it/1qXqo9	3,50			2020-10-30						
2020-11-22	We Are Who We Are	2020	https://boxd.it/1taxhX	4,00			2020-11-21	Drama	fa	Iran	A. Hassan Keivan	0	0
2020-11-26	Cold War	2018	https://boxd.it/1tD7ap	0,00	Yes		2020-11-25	Drama	pl	Poland	Paweł Pawlikowski	18754051	4954500
2020-11-26	The Queen's Gambit	2020	https://boxd.it/1tE29j	4,00			2020-11-25						
2020-11-26	Tytus, Romek i A'Tomek wśród złodziei marzeń	2002	https://boxd.it/1tIx0F	3,50			2020-11-26	Animation	pl	Poland	Leszek Marek Gałysz	0	0
2020-11-28	Fantastic Mr. Fox	2009	https://boxd.it/1tS8Ut	4,50	Yes		2020-11-27	Adventure	en	United States of America	Wes Anderson	46471023	40000000
2020-12-09	She Dies Tomorrow	2020	https://boxd.it/1v9Jip	0,00			2020-12-08	Drama	en	United States of America	Amy Seimetz	398663	0
2020-12-14	Run	2020	https://boxd.it/1vDKfL	2,50			2020-12-13	Thriller	en	United States of America	Aneesh Chaganty	5184368	1700000
2020-12-14	Dead Mountain: The Dyatlov Pass Incident	2020	https://boxd.it/1vEYaR	4,00			2020-12-13						
2020-12-16	The Princess Switch	2018	https://boxd.it/1vTlu9	1,00			2020-12-15	Romance	en	United States of America	Mike Rohl	0	0
2020-12-17	The Undoing	2020	https://boxd.it/1w0AT3	3,00			2020-12-16						
2020-12-18	The Piano Teacher	2001	https://boxd.it/1w7wlP	4,50			2020-12-18	Drama	fr	France	Michael Haneke	9800000	3000000
2020-12-19	Another Round	2020	https://boxd.it/1wceG1	3,50			2020-12-18	Comedy	da	Denmark	Thomas Vinterberg	21700000	5150000
2020-12-19	Olive Kitteridge	2014	https://boxd.it/1wcHcJ	4,00			2020-12-18						
2020-12-21	The Princess Switch: Switched Again	2020	https://boxd.it/1wr9up	0,50			2020-12-20	Family	en	United Kingdom	Mike Rohl	0	10000000
2020-12-21	Us	2019	https://boxd.it/1wrZsl	4,00	Yes		2020-12-20	Horror	en	United States of America	Jordan Peele	256067149	20000000
2020-12-22	Holidate	2020	https://boxd.it/1wzpRl	1,50			2020-12-21	Comedy	en	United States of America	John Whitesell	0	0
2020-12-22	Columbus	2017	https://boxd.it/1wB6Wv	5,00	Yes		2020-12-21	Drama	en	United States of America	Kogonada	1015744	700000
2020-12-23	Fanny and Alexander	1984	https://boxd.it/1wHSO7	4,00			2020-12-22	Fantasy	sv	France	Ingmar Bergman	6800000	6000000
2020-12-26	Last Christmas	2019	https://boxd.it/1x6xQh	3,00			2020-12-25	Comedy	en	United States of America	Paul Feig	121600000	30000000
2020-12-27	The Social Dilemma	2020	https://boxd.it/1xgSP5	3,00			2020-12-26	Documentary	en	United States of America	Jeff Orlowski	0	0
2020-12-27	Se7en	1995	https://boxd.it/1xj17l	4,00			2020-12-26	Crime	en	United States of America	David Fincher	327311859	33000000
2020-12-27	The Hunt	2012	https://boxd.it/1xkkrV	0,00			2020-12-26	Drama	da	Denmark	Thomas Vinterberg	18300000	3800000
2020-12-27	Ichi the Killer	2001	https://boxd.it/1xmUa1	4,00			2020-12-27	Action	ja	Japan	Takashi Miike	80631	1400010
2020-12-28	Miss Americana	2020	https://boxd.it/1xEATr	3,50			2020-12-28	Documentary	en	United States of America	Lana Wilson	0	0
2020-12-29	Wolfwalkers	2020	https://boxd.it/1xHVOt	3,50			2020-12-28	Animation	en	France	Tomm Moore	1310720	12000000
2020-12-30	Audition	1999	https://boxd.it/1xRfID	3,00			2020-12-29	Horror	ja	Japan	Takashi Miike	359853	250000
2021-01-02	The Bitter Tears of Petra von Kant	1972	https://boxd.it/1ykHf3	0,00			2021-01-01	Drama	de	Germany	Rainer Werner Fassbinder	0	0
2021-01-04	After We Collided	2020	https://boxd.it/1yNpMV	0,50			2021-01-03	Romance	en	United States of America	Roger Kumble	48000000	14000000
2021-01-06	Soul	2020	https://boxd.it/1zb2Td	3,50			2021-01-05	Animation	en	United States of America	Pete Docter	121500000	150000000
2021-01-08	Catch Me If You Can	2002	https://boxd.it/1zrGpT	4,00			2021-01-07	Drama	en	United States of America	Steven Spielberg	352114312	52000000
2021-01-09	You Were Never Really Here	2017	https://boxd.it/1zC4MH	4,50	Yes		2021-01-09	Crime	en	United Kingdom	Lynne Ramsay	9400000	17000000
2021-01-15	Laurence Anyways	2012	https://boxd.it/1AAswX	5,00			2021-01-14	Drama	fr	Canada	Xavier Dolan	0	9500000
2021-01-17	If Anything Happens I Love You	2020	https://boxd.it/1ARFQ1	0,00			2021-01-16	Drama	en	United States of America	Will McCormack	0	0
2021-01-21	Carte Blanche	2015	https://boxd.it/1Bv4Uv	2,50			2021-01-20	Drama	pl	Poland	Jacek Lusiński	0	0
2021-01-23	Tailgate	2019	https://boxd.it/1BMY8r	0,50			2021-01-22	Thriller	nl	Netherlands	Lodewijk Crijns	0	0
2021-01-23	The Trial of the Chicago 7	2020	https://boxd.it/1BNIH3	3,00			2021-01-23	Drama	en	United States of America	Aaron Sorkin	107423	35000000
2021-01-27	Notting Hill	1999	https://boxd.it/1CopYt	2,50			2021-01-26	Romance	en	United Kingdom	Roger Michell	363889678	42000000
2021-01-31	Lady Bird	2017	https://boxd.it/1CWelX	5,00	Yes		2021-01-31	Drama	en	United States of America	Greta Gerwig	79000000	10000000
2021-02-02	In the Mood for Love	2000	https://boxd.it/1DgpXD	0,00			2021-02-01	Drama	cn	Hong Kong	Wong Kar-wai	14204632	150000
2021-02-08	Cinema Paradiso	1988	https://boxd.it/1E5APx	4,00			2021-02-07	Drama	it	Italy	Giuseppe Tornatore	11990401	5000000
2021-02-09	The Disaster Artist	2017	https://boxd.it/1Efapj	3,50			2021-02-08	Comedy	en	United States of America	James Franco	29820616	10000000
2021-02-11	Malcolm & Marie	2021	https://boxd.it/1EtYr3	3,50			2021-02-10	Drama	en	United States of America	Sam Levinson	0	2500000
2021-02-22	House of Hummingbird	2018	https://boxd.it/1G49TN	4,00			2021-02-21	Drama	ko	South Korea	Kim Bora	1041948	0
2021-02-24	To All the Boys: Always and Forever	2021	https://boxd.it/1GsJWh	2,50			2021-02-24	Romance	en	United States of America	Michael Fimognari	0	0
2021-03-07	Lady Bird	2017	https://boxd.it/1HOO0F	5,00	Yes		2021-02-27	Drama	en	United States of America	Greta Gerwig	79000000	10000000
2021-03-01	I Care a Lot	2020	https://boxd.it/1H10gl	3,50			2021-02-28	Comedy	en	United States of America	J Blakeson	0	0
2021-03-06	Call Me by Your Name	2017	https://boxd.it/1HFVqx	4,50	Yes		2021-03-05	Romance	en	United States of America	Luca Guadagnino	43143046	4000000
2021-03-07	Schindler's List	1993	https://boxd.it/1HOKwd	4,00			2021-03-06	Drama	en	United States of America	Steven Spielberg	321365567	22000000
2021-03-14	Cloverfield	2008	https://boxd.it/1IJvsT	3,00			2021-03-12	Action	en	United States of America	Matt Reeves	170764026	25000000
2021-03-14	The Shawshank Redemption	1994	https://boxd.it/1IJvR5	3,50			2021-03-13	Drama	en	United States of America	Frank Darabont	28341469	25000000
2021-03-21	A Short Film About Love	1988	https://boxd.it/1JHKTl	5,00			2021-03-20	Drama	pl	Poland	Krzysztof Kieślowski	0	0
2021-03-24	Sound of Metal	2019	https://boxd.it/1K95mB	4,50			2021-03-23	Drama	en	United States of America	Darius Marder	516520	0
2021-03-25	(500) Days of Summer	2009	https://boxd.it/1Kh6jp	3,50	Yes		2021-03-24	Comedy	en	United States of America	Marc Webb	60781545	7500000
2021-03-27	Framing Britney Spears	2021	https://boxd.it/1KvMr9	2,50			2021-03-26	Documentary	en	United States of America	Samantha Stark	0	0
2021-03-29	Nomadland	2020	https://boxd.it/1KLxEz	5,00			2021-03-28	Drama	en	United States of America	Chloé Zhao	14784114	5000000
2021-04-01	Psycho	2020	https://boxd.it/1LcqyD	3,50			2021-03-31	Horror	en	United States of America	Alfred Hitchcock	32000000	806947
2021-04-03	Minari	2020	https://boxd.it/1Ls2Ct	0,00			2021-04-02	Drama	en	United States of America	Lee Isaac Chung	12900000	2000000
2021-04-03	Sound of Metal	2019	https://boxd.it/1LuMuf	4,50	Yes		2021-04-02	Drama	en	United States of America	Darius Marder	516520	0
2021-04-04	The Great Beauty	2013	https://boxd.it/1LMz4J	4,00			2021-04-04	Drama	it	Italy	Paolo Sorrentino	24930592	9200000
2021-04-05	Irreversible	2002	https://boxd.it/1LPFOz	0,00			2021-04-04	Drama	fr	France	Gaspar Noé	6500000	3500000
2021-04-06	Decalogue I	1989	https://boxd.it/1M6jgT	4,50			2021-04-06	Drama	pl	Poland	Krzysztof Kieślowski	0	0
2021-04-10	Minari	2020	https://boxd.it/1MBSjb	4,50	Yes		2021-04-09	Drama	en	United States of America	Lee Isaac Chung	12900000	2000000
2021-04-15	Blind Chance	1987	https://boxd.it/1NjvWn	4,00			2021-04-14	Drama	pl	Poland	Krzysztof Kieślowski	0	0
2021-04-16	Black Swan	2010	https://boxd.it/1NpMwj	4,50			2021-04-15	Drama	en	United States of America	Darren Aronofsky	329400000	13000000
2021-04-17	Blade Runner	1982	https://boxd.it/1NzqXH	4,00			2021-04-16	Science Fiction	en	United States of America	Ridley Scott	41722424	28000000
2021-04-22	Judas and the Black Messiah	2021	https://boxd.it/1OhL0f	3,50			2021-04-21	Drama	en	United States of America	Shaka King	6416063	26000000
2021-04-24	The Pianist	2002	https://boxd.it/1OxQiZ	3,50			2021-04-23	Drama	en	United Kingdom	Roman Polanski	192700000	35000000
2021-05-01	Mirror	1975	https://boxd.it/1PzPPh	5,00			2021-04-30	Drama	ru	Soviet Union	Andrei Tarkovsky	119266	825370
2021-05-02	Synecdoche, New York	2008	https://boxd.it/1PH60J	5,00	Yes		2021-05-01	Drama	en	United States of America	Charlie Kaufman	4383538	20000000
2021-05-06	Mean Girls	2004	https://boxd.it/1QgZlR	5,00			2021-05-05	Drama	en	United States of America	Mark Waters	130100000	17000000
2021-05-20	Man with a Movie Camera	1929	https://boxd.it/1SaKaP	0,00			2021-05-20	Documentary	ru	Soviet Union	Dziga Vertov	0	0
2021-05-28	Perfect Blue	1997	https://boxd.it/1Tb5f1	4,50			2021-05-27	Animation	ja	Japan	Satoshi Kon	112536	830000
2021-06-08	Minding the Gap	2018	https://boxd.it/1UHmIR	5,00	Yes		2021-06-02	Documentary	en	United States of America	Liu Bing	0	0
2021-06-05	Nomadland	2020	https://boxd.it/1UhbZl	5,00	Yes		2021-06-04	Drama	en	United States of America	Chloé Zhao	14784114	5000000
2021-06-09	The Room	2003	https://boxd.it/1USLg1	5,00			2021-06-09	Drama	en	United States of America	Tommy Wiseau	1752988	6000000
2021-06-13	The Dirt	2019	https://boxd.it/1ViVlx	3,50			2021-06-12	Drama	en	United States of America	Jeff Tremaine	0	0
2021-06-14	The Conjuring	2013	https://boxd.it/1VqQCJ	3,00			2021-06-12	Horror	en	United States of America	James Wan	320400000	13000000
2021-06-15	Love, Death & Robots: Automated Customer Service	2021	https://boxd.it/1VFz2J	2,00			2021-06-15	Drama	en	United States of America	Alex Kalymnios	0	0
2021-06-15	Love, Death & Robots: Ice	2021	https://boxd.it/1VFCFJ	3,00			2021-06-15	Drama	en	United States of America	Alex Kalymnios	0	0
2021-06-17	The Exorcist	1973	https://boxd.it/1VOM6x	4,00			2021-06-16	Horror	en	United States of America	William Friedkin	441400000	12000000
2021-06-17	Love, Death & Robots: Pop Squad	2021	https://boxd.it/1VRxf1	3,00			2021-06-17	Drama	en	United States of America	Alex Kalymnios	0	0
2021-06-17	Love, Death & Robots: Snow in the Desert	2021	https://boxd.it/1VRVa5	2,00			2021-06-17	Drama	en	United States of America	Alex Kalymnios	0	0
2021-06-17	Love, Death & Robots: The Tall Grass	2021	https://boxd.it/1VS46h	3,50			2021-06-17	Drama	en	United States of America	Alex Kalymnios	0	0
2021-06-19	Love, Death & Robots: All Through the House	2021	https://boxd.it/1W5cdV	3,00			2021-06-19	Drama	en	United States of America	Alex Kalymnios	0	0
2021-06-21	11.22.63	2016	https://boxd.it/1Wipbp	0,00			2021-06-20						
2021-06-24	Love, Death & Robots: Life Hutch	2021	https://boxd.it/1WJxOX	0,00			2021-06-23	Drama	en	United States of America	Alex Kalymnios	0	0
2021-06-24	Love, Death & Robots: The Drowned Giant	2021	https://boxd.it/1WJCsx	4,00			2021-06-23	Drama	en	United States of America	Alex Kalymnios	0	0
2021-06-26	Decalogue II	1989	https://boxd.it/1WW56f	4,00			2021-06-25	Drama	pl	Poland	Krzysztof Kieślowski	0	0
2021-06-29	Bo Burnham: Inside	2021	https://boxd.it/1XmjPZ	4,00			2021-06-28	Comedy	en	United States of America	Bo Burnham	0	0
2021-07-02	Decalogue III	1989	https://boxd.it/1XLlqx	4,00			2021-07-01	Drama	pl	Poland	Krzysztof Kieślowski	0	0
2021-07-04	Decalogue IV	1989	https://boxd.it/1Y0D7j	3,50			2021-07-03	Drama	pl	Poland	Krzysztof Kieślowski	0	0
2021-07-04	Decalogue V	1989	https://boxd.it/1Y1Bkd	4,50			2021-07-03	Drama	pl	Poland	Krzysztof Kieślowski	0	0
2021-07-06	Decalogue VII	1989	https://boxd.it/1Ymx1D	4,00			2021-07-05	Drama	pl	Poland	Krzysztof Kieślowski	0	0
2021-07-08	Matthias & Maxime	2019	https://boxd.it/1YDaYB	3,50			2021-07-07	Drama	fr	Canada	Xavier Dolan	0	0
2021-07-08	Decalogue VI	1989	https://boxd.it/1YDG6V	4,50			2021-07-07	Drama	pl	Poland	Krzysztof Kieślowski	0	0
2021-07-14	Bo Burnham: What.	2013	https://boxd.it/1ZzTPv	3,50			2021-07-14	Comedy	en	United States of America	Christopher Storer	0	0
2021-07-19	Taxi Driver	1976	https://boxd.it/20j3Y3	4,00			2021-07-18	Crime	en	United States of America	Martin Scorsese	28600000	1900000
2021-07-23	Trainspotting	1996	https://boxd.it/20SHZF	4,50			2021-07-22	Drama	en	United Kingdom	Danny Boyle	72000000	4000000
2021-07-25	Cruella	2021	https://boxd.it/21boZT	2,50			2021-07-24	Comedy	en	United States of America	Craig Gillespie	233503234	200000000
2021-07-26	The Perks of Being a Wallflower	2012	https://boxd.it/21lmEf	3,50			2021-07-25	Drama	en	United States of America	Stephen Chbosky	33400000	13000000
2021-07-27	Decalogue VIII	1989	https://boxd.it/21vdeR	0,00			2021-07-26	Drama	pl	Poland	Krzysztof Kieślowski	0	0
2021-07-28	Decalogue IX	1989	https://boxd.it/21CXnp	3,00			2021-07-27	Drama	pl	Poland	Krzysztof Kieślowski	0	0
2021-07-29	Decalogue X	1989	https://boxd.it/21KbOt	4,50			2021-07-28	Drama	pl	Poland	Krzysztof Kieślowski	0	0
2021-07-30	Luca	2021	https://boxd.it/21SsGH	4,00			2021-07-29	Animation	en	United States of America	Enrico Casarosa	51074773	200000000
2021-07-31	The Graduate	1967	https://boxd.it/223vVx	3,50			2021-07-30	Drama	en	United States of America	Mike Nichols	104945305	3000000
2021-08-01	Frances Ha	2012	https://boxd.it/22ahVH	4,00			2021-07-31	Comedy	en	United States of America	Noah Baumbach	4069826	0
2021-08-05	The Father	2020	https://boxd.it/22NOWh	4,00			2021-08-04	Drama	en	United Kingdom	Florian Zeller	21029340	6000000
2021-08-08	Funny Games	1997	https://boxd.it/23eAY3	4,00			2021-08-07	Drama	de	Austria	Michael Haneke	0	0
2021-08-11	The Suicide Squad	2021	https://boxd.it/23G1PB	4,00			2021-08-10	Action	en	United States of America	James Gunn	168717425	185000000
2021-08-11	Breathless	1960	https://boxd.it/23NvGt	4,00			2021-08-11	Drama	fr	France	Jean-Luc Godard	0	0
2021-08-12	A Quiet Place Part II	2020	https://boxd.it/23PB1v	3,50			2021-08-11	Science Fiction	en	United States of America	John Krasinski	297400000	61000000
2021-08-17	Before Sunrise	1995	https://boxd.it/24yIFx	4,50	Yes		2021-08-16	Drama	en	United States of America	Richard Linklater	5987386	2500000
2021-08-17	Like Crazy	2011	https://boxd.it/24EZWd	0,00			2021-08-17	Drama	en	United States of America	Drake Doremus	3542353	250000
2021-08-19	Cruel Intentions	1999	https://boxd.it/24VPiL	4,00			2021-08-19	Drama	en	United States of America	Roger Kumble	76347426	10500000
2021-08-21	Annette	2021	https://boxd.it/254flH	4,50			2021-08-20	Drama	fr	France	Leos Carax	3700000	15500000
2021-08-27	The Green Knight	2021	https://boxd.it/25W9qz	0,00			2021-08-26	Adventure	en	United States of America	David Lowery	18887953	15000000
2021-08-28	About Time	2013	https://boxd.it/26bA67	3,50			2021-08-28	Drama	en	United Kingdom	Richard Curtis	87100449	12000000
2021-09-06	Mistress America	2015	https://boxd.it/27pUAD	4,00			2021-09-06	Comedy	en	United States of America	Noah Baumbach	2500431	0
2021-09-08	Eternal Sunshine of the Spotless Mind	2004	https://boxd.it/27Jv9x	0,00	Yes		2021-09-07	Science Fiction	en	United States of America	Michel Gondry	72258126	20000000
2021-09-16	There Will Be Blood	2007	https://boxd.it/28NhED	5,00			2021-09-15	Drama	en	United States of America	Paul Thomas Anderson	77208711	25000000
2021-09-24	Andrei Rublev	1966	https://boxd.it/29PUQr	0,00			2021-09-23	Drama	ru	Soviet Union	Andrei Tarkovsky	24173	0
2021-11-07	Dekalog	1989	https://boxd.it/2gyjnh	4,00			2021-11-06	Drama	pl	Poland	Krzysztof Kieślowski	0	0
2021-11-08	Her	2013	https://boxd.it/2gFDMZ	5,00	Yes		2021-11-06	Romance	en	United States of America	Spike Jonze	47351251	23000000
2021-11-08	Dune	2021	https://boxd.it/2gGLaB	4,00			2021-11-07	Science Fiction	en	United States of America	Denis Villeneuve	407573628	165000000
2021-11-16	Closer	2004	https://boxd.it/2i34ol	2,50			2021-11-16	Drama	en	United Kingdom	Mike Nichols	115505027	27000000
2021-11-27	Fallen Angels	1995	https://boxd.it/2jDQyp	5,00			2021-11-27	Action	cn	Hong Kong	Wong Kar-wai	0	0
2021-12-10	Mystery Train	1989	https://boxd.it/2lzdfN	3,00			2021-12-09	Comedy	en	United States of America	Jim Jarmusch	1544973	2800000
2021-12-11	First Reformed	2017	https://boxd.it/2lIKMt	5,00	Yes		2021-12-10	Drama	en	United States of America	Paul Schrader	2525738	3500000
2021-12-12	Angel's Egg	1985	https://boxd.it/2lRRb3	4,50			2021-12-11	Animation	ja	Japan	Mamoru Oshii	0	0
2021-12-15	Happy Together	1997	https://boxd.it/2mmTBJ	0,00			2021-12-15	Drama	cn	Hong Kong	Wong Kar-wai	5000000	125000
2021-12-19	First Cow	2019	https://boxd.it/2n0gKx	0,00			2021-12-18	Drama	en	United States of America	Kelly Reichardt	101068	0
2021-12-23	Spider-Man: No Way Home	2021	https://boxd.it/2nN2VT	4,00			2021-12-22	Action	en	United States of America	Jon Watts	1921847111	200000000
2021-12-24	Dogville	2003	https://boxd.it/2o1jmp	5,00			2021-12-24	Crime	en	Denmark	Lars von Trier	16690617	10000000
2022-01-03	Punch-Drunk Love	2002	https://boxd.it/2qAhKn	0,00	Yes		2022-01-02	Romance	en	United States of America	Paul Thomas Anderson	24665649	25000000
2022-01-03	Dancer in the Dark	2000	https://boxd.it/2qTHDF	0,00			2022-01-03	Drama	en	Denmark	Lars von Trier	40061153	12500000
2022-01-14	Licorice Pizza	2021	https://boxd.it/2txY0N	0,00			2022-01-13	Drama	en	United States of America	Paul Thomas Anderson	33300000	40000000
2022-01-20	Titane	2021	https://boxd.it/2v4jv1	0,00			2022-01-19	Drama	fr	France	Julia Ducournau	5000000	6600000
2022-01-23	In the Mood for Love	2000	https://boxd.it/2vCYSX	5,00	Yes		2022-01-22	Drama	cn	Hong Kong	Wong Kar-wai	14204632	150000
2022-01-28	The French Dispatch	2021	https://boxd.it/2wE5jh	4,00			2022-01-27	Drama	en	United States of America	Wes Anderson	46333545	25000000
2022-02-09	Rear Window	1954	https://boxd.it/2yXQMh	0,00			2022-02-08	Thriller	en	United States of America	Alfred Hitchcock	37034514	1000000
2022-02-14	The Worst Person in the World	2021	https://boxd.it/2zSUHf	4,00			2022-02-13	Drama	no	Norway	Joachim Trier	11800000	5000000
2022-02-14	Normal People	2020	https://boxd.it/2zXhvf	5,00	Yes		2022-02-14	Horror	en	United States of America	Amber Rose McNeill	0	250
2022-02-15	Blue Valentine	2010	https://boxd.it/2A65V9	4,00	Yes		2022-02-14	Drama	en	United States of America	Derek Cianfrance	15440333	1000000
2022-02-18	Mean Girls	2004	https://boxd.it/2AzQmN	5,00	Yes		2022-02-17	Drama	en	United States of America	Mark Waters	130100000	17000000
2022-02-20	Drive My Car	2021	https://boxd.it/2AWHgR	4,00			2022-02-19	Drama	ja	Japan	Ryusuke Hamaguchi	15364572	1300000
2022-02-21	Whiplash	2014	https://boxd.it/2BbuF5	5,00			2022-02-20	Drama	en	United States of America	Damien Chazelle	13092000	3300000
2022-02-25	Personal Shopper	2016	https://boxd.it/2BSMD3	0,00	Yes		2022-02-24	Drama	fr	France	Olivier Assayas	1305195	6000000
2022-02-26	Three Colours: Blue	1993	https://boxd.it/2C3wCF	0,00			2022-02-25	Drama	fr	France	Krzysztof Kieślowski	0	0
2022-02-27	Three Colours: White	1994	https://boxd.it/2CeUJn	0,00			2022-02-26	Comedy	fr	France	Krzysztof Kieślowski	0	0
2022-02-28	Wheel of Fortune and Fantasy	2021	https://boxd.it/2Cno3x	3,50			2022-02-27	Drama	ja	Japan	Ryusuke Hamaguchi	0	0
2022-03-03	The Tinder Swindler	2022	https://boxd.it/2CUBTH	2,50			2022-03-02	Documentary	en	United Kingdom	Felicity Morris	0	0
2022-03-06	Three Colours: Red	1994	https://boxd.it/2DuzZP	5,00			2022-03-05	Drama	fr	France	Krzysztof Kieślowski	0	0
2022-03-07	The Batman	2022	https://boxd.it/2DGRpJ	3,50			2022-03-06	Crime	en	United States of America	Matt Reeves	771000000	185000000
2022-03-09	Eraserhead	1977	https://boxd.it/2E4KJZ	4,00			2022-03-08	Fantasy	en	United States of America	David Lynch	7000000	100000
2022-03-18	The Lost Daughter	2021	https://boxd.it/2FQx2t	3,50			2022-03-17	Drama	en	United Kingdom	Maggie Gyllenhaal	14521	0
2022-03-20	Comet	2014	https://boxd.it/2G2Nzn	0,00			2022-03-19	Science Fiction	en	United States of America	Sam Esmail	0	0
2022-03-21	Columbus	2017	https://boxd.it/2GjL6x	5,00	Yes		2022-03-19	Drama	en	United States of America	Kogonada	1015744	700000
2022-03-21	Mommy	2014	https://boxd.it/2GlawH	5,00	Yes		2022-03-20	Drama	fr	Canada	Xavier Dolan	3494070	4900000
2022-03-23	Lost Highway	1997	https://boxd.it/2GJLFf	0,00			2022-03-22	Drama	en	United States of America	David Lynch	3836866	15000000
2022-03-26	The House of the Devil	2009	https://boxd.it/2Hgn91	3,00			2022-03-25	Horror	en	United States of America	Ti West	0	0
2022-04-06	2001: A Space Odyssey	1968	https://boxd.it/2Jecyj	3,50			2022-04-05	Science Fiction	en	United States of America	Stanley Kubrick	71923560	12000000
2022-04-13	A Clockwork Orange	1971	https://boxd.it/2KtcKX	4,50			2022-04-12	Science Fiction	en	United States of America	Stanley Kubrick	26589000	2200000
2022-04-16	10 Things I Hate About You	1999	https://boxd.it/2L5nKv	5,00	Yes		2022-04-16	Comedy	en	United States of America	Gil Junger	53478166	16000000
2022-04-25	The Balcony Movie	2021	https://boxd.it/2MCo09	5,00			2022-04-24	Documentary	pl	Poland	Paweł Łoziński	0	0
2022-04-27	Everything Everywhere All at Once	2022	https://boxd.it/2N1FDn	5,00			2022-04-26	Action	en	United States of America	Daniel Scheinert	139200000	25000000
2022-04-29	My First Summer	2020	https://boxd.it/2Nia0N	3,50			2022-04-28	Drama	en	Australia	Katie Found	0	0
2022-04-30	You Have No Idea How Much I Love You	2016	https://boxd.it/2NsHAf	4,00			2022-04-29	Documentary	pl	Poland	Paweł Łoziński	0	0
2022-05-04	The Girl from the Other Side	2019	https://boxd.it/2Oe0cl	0,00			2022-05-03	Animation	ja	Japan	Satomi Maiya	0	0
2022-05-26	Neon Genesis Evangelion	1995	https://boxd.it/2SbREH	4,00			2022-05-25						
2022-06-04	Conversations with Friends	2022	https://boxd.it/2TJOcR	4,50			2022-06-04						
2022-06-05	Chungking Express	1994	https://boxd.it/2TTHPH	4,00			2022-06-05	Drama	cn	Hong Kong	Wong Kar-wai	0	160000
2022-06-08	Moonrise Kingdom	2012	https://boxd.it/2UskZf	4,50			2022-06-06	Comedy	en	United States of America	Wes Anderson	68263166	16000000
2022-06-18	The Double Life of Véronique	1991	https://boxd.it/2WdUq9	0,00			2022-06-17	Drama	fr	France	Krzysztof Kieślowski	1999955	0
2022-06-23	Hereditary	2018	https://boxd.it/2Xd12P	5,00			2022-06-22	Horror	en	United States of America	Ari Aster	82500000	10000000
2022-07-03	Stranger Than Paradise	1984	https://boxd.it/2Z3HLv	4,00			2022-07-02	Comedy	en	United States of America	Jim Jarmusch	0	0
2022-07-07	After Yang	2021	https://boxd.it/2ZNccL	4,00			2022-07-06	Science Fiction	en	United States of America	Kogonada	131465	0
2022-07-08	Love, Death & Robots: Three Robots: Exit Strategies	2022	https://boxd.it/302nW1	2,00			2022-07-08	Documentary	tr	Germany	Cem Kaya	0	0
2022-07-08	Love, Death & Robots: Bad Travelling	2022	https://boxd.it/302B2h	3,00			2022-07-08	Documentary	tr	Germany	Cem Kaya	0	0
2022-07-08	Love, Death & Robots: Night of the Mini Dead	2022	https://boxd.it/302QzZ	4,00			2022-07-08	Documentary	tr	Germany	Cem Kaya	0	0
2022-07-08	Love, Death & Robots: Swarm	2022	https://boxd.it/303cwX	3,00			2022-07-08	Documentary	tr	Germany	Cem Kaya	0	0
2022-07-09	Minions: The Rise of Gru	2022	https://boxd.it/309ykV	0,50			2022-07-08	Animation	en	United States of America	Kyle Balda	940000000	85000000
2022-07-09	Despicable Me	2010	https://boxd.it/30d9BZ	3,50			2022-07-08	Family	en	United States of America	Pierre Coffin	533700000	69000000
2022-07-11	The Cabinet of Dr. Caligari	1920	https://boxd.it/30FO4D	4,00			2022-07-10	Drama	de	Germany	Robert Wiene	8811	18000
2022-07-11	Love, Death & Robots: Jibaro	2022	https://boxd.it/30EiLD	4,50			2022-07-11	Documentary	tr	Germany	Cem Kaya	0	0
2022-07-13	Spring, Summer, Fall, Winter... and Spring	2003	https://boxd.it/30XGjh	0,00			2022-07-12	Drama	ko	South Korea	Kim Ki-duk	8945072	0
2022-07-15	Amélie	2001	https://boxd.it/31w8uv	3,00			2022-07-15	Comedy	fr	France	Jean-Pierre Jeunet	173921954	10000000
2022-07-18	Drive	2011	https://boxd.it/322XOZ	0,00	Yes		2022-07-17	Drama	en	United States of America	Nicolas Winding Refn	78100000	15000000
2022-08-11	Chungking Express	1994	https://boxd.it/37lo9P	4,00	Yes		2022-08-10	Drama	cn	Hong Kong	Wong Kar-wai	0	160000
2022-08-25	The Wind Rises	2013	https://boxd.it/3abRkf	3,00			2022-08-24	Drama	ja	Japan	Hayao Miyazaki	117932401	30000000
2022-09-04	After We Fell	2021	https://boxd.it/3bY6uJ	1,00			2022-09-03	Romance	en	United States of America	Castille Landon	21800000	14000000
2022-09-11	The Worst Person in the World	2021	https://boxd.it/3dkj1X	4,00	Yes		2022-09-10	Drama	no	Norway	Joachim Trier	11800000	5000000
2022-09-13	Prey	2022	https://boxd.it/3dM8kv	2,00			2022-09-12	Thriller	en	United States of America	Dan Trachtenberg	0	65000000
2022-09-14	Miss Americana	2020	https://boxd.it/3dSkgn	4,00	Yes		2022-09-13	Documentary	en	United States of America	Lana Wilson	0	0
2022-09-16	Through a Glass Darkly	1961	https://boxd.it/3ee2xz	0,00			2022-09-15	Drama	sv	Sweden	Ingmar Bergman	8939	0
2022-09-22	Autumn Sonata	1978	https://boxd.it/3fmNTx	0,00			2022-09-21	Drama	sv	Germany	Ingmar Bergman	0	0
2022-09-26	Lady Bird	2017	https://boxd.it/3g9Edl	5,00	Yes		2022-09-25	Drama	en	United States of America	Greta Gerwig	79000000	10000000
2022-10-03	The Virgin Suicides	1999	https://boxd.it/3hL5Lx	3,00			2022-09-30	Drama	en	United States of America	Sofia Coppola	10409377	6000000
2022-10-03	Manchester by the Sea	2016	https://boxd.it/3hL6fn	0,00			2022-10-02	Drama	en	United States of America	Kenneth Lonergan	79000000	9000000
2022-10-18	Normal People	2020	https://boxd.it/3kTUBh	5,00	Yes		2022-10-18	Horror	en	United States of America	Amber Rose McNeill	0	250
2022-11-02	Ex Machina	2015	https://boxd.it/3o7JPn	3,50			2022-11-01	Drama	en	United Kingdom	Alex Garland	36869414	15000000
2022-11-13	Aftersun	2022	https://boxd.it/3qmjM1	4,50			2022-11-12	Drama	en	United States of America	Charlotte Wells	7834405	0
2022-11-17	Heartbeats	2010	https://boxd.it/3rbt4P	4,50	Yes		2022-11-16	Drama	fr	Canada	Xavier Dolan	62985	464229
2022-11-27	Anomalisa	2015	https://boxd.it/3te9Ul	4,50			2022-11-26	Animation	en	United States of America	Charlie Kaufman	5700000	8000000
2022-11-28	Bones and All	2022	https://boxd.it/3tyPDL	4,00			2022-11-27	Drama	it	United States of America	Luca Guadagnino	15100000	18000000
2022-11-28	Over the Garden Wall	2014	https://boxd.it/3tB0SL	5,00	Yes		2022-11-28						
2022-12-08	Vortex	2021	https://boxd.it/3vBvH3	0,00			2022-12-07	Drama	fr	France	Gaspar Noé	222230	0
2022-12-10	Nope	2022	https://boxd.it/3vYv4L	3,00			2022-12-09	Horror	en	United States of America	Jordan Peele	170823080	68000000
2022-12-20	The Fabelmans	2022	https://boxd.it/3ygljv	3,00			2022-12-09	Drama	en	United States of America	Steven Spielberg	45629909	40000000
2022-12-23	Three Thousand Years of Longing	2022	https://boxd.it/3z8NJ5	3,50			2022-12-22	Drama	en	Australia	George Miller	20300000	60000000
2023-01-03	After Ever Happy	2022	https://boxd.it/3DcNzt	1,00			2023-01-02	Romance	en	United States of America	Castille Landon	19200000	14000000
2023-01-06	Glass Onion	2022	https://boxd.it/3EqR5z	3,50			2023-01-05	Comedy	en	United States of America	Rian Johnson	13280000	40000000
2023-01-08	The Menu	2022	https://boxd.it/3F9TrR	3,00			2023-01-07	Comedy	en	United States of America	Mark Mylod	79628200	35000000
2023-01-08	Decision to Leave	2022	https://boxd.it/3FkAdD	0,00			2023-01-08	Thriller	ko	South Korea	Park Chan-wook	16914773	0
2023-01-15	Aftersun	2022	https://boxd.it/3HP9Sp	4,50	Yes		2023-01-13	Drama	en	United States of America	Charlotte Wells	7834405	0
2023-01-15	Fallen Angels	1995	https://boxd.it/3HP7z1	5,00	Yes		2023-01-14	Action	cn	Hong Kong	Wong Kar-wai	0	0
2023-01-27	The Whale	2022	https://boxd.it/3LDOl9	2,50			2023-01-26	Drama	en	United States of America	Darren Aronofsky	55101305	3000000
2023-01-30	TÁR	2022	https://boxd.it/3MRdQh	4,00			2023-01-30	Drama	en	United States of America	Todd Field	29000000	35000000
2023-02-03	The Banshees of Inisherin	2022	https://boxd.it/3NKRuZ	3,50			2023-02-02	Drama	en	United Kingdom	Martin McDonagh	49300000	20000000
2023-02-07	Paranoia Agent	2004	https://boxd.it/3P6hKb	5,00			2023-02-06						
2023-02-08	Vivre Sa Vie	1962	https://boxd.it/3PmlmJ	0,00			2023-02-07	Drama	fr	France	Jean-Luc Godard	24517	64000
2023-02-13	Marcel the Shell with Shoes On	2021	https://boxd.it/3QJ43P	4,00			2023-02-12	Animation	en	United States of America	Dean Fleischer Camp	6900000	0
2023-02-14	Puss in Boots: The Last Wish	2022	https://boxd.it/3QZUmL	0,00			2023-02-13	Animation	en	United States of America	Joel Crawford	484700000	90000000
2023-02-16	In the Mood for Love	2000	https://boxd.it/3Ro6Zj	5,00	Yes		2023-02-14	Drama	cn	Hong Kong	Wong Kar-wai	14204632	150000
2023-02-16	The Royal Tenenbaums	2001	https://boxd.it/3RC3wL	0,00			2023-02-16	Comedy	en	United States of America	Wes Anderson	71441250	21000000
2023-02-19	Coraline	2009	https://boxd.it/3SkiNv	5,00			2023-02-18	Animation	en	United States of America	Henry Selick	131800000	60000000
2023-02-26	We're All Going to the World's Fair	2021	https://boxd.it/3UcP17	0,00			2023-02-25	Drama	en	United States of America	Jane Schoenbrun	96206	0
2023-02-26	Bodies Bodies Bodies	2022	https://boxd.it/3Um1kN	3,50			2023-02-25	Comedy	en	United States of America	Halina Reijn	13900000	3000000
2023-03-03	Inside Llewyn Davis	2013	https://boxd.it/3VR6Fd	0,00			2023-03-03	Drama	en	United States of America	Joel Coen	32935319	11000000
2023-03-08	Barbie and the Diamond Castle	2008	https://boxd.it/3X8q53	0,00			2023-03-07	Animation	en	Canada	Gino Nichele	0	0
2023-03-18	Enter the Void	2009	https://boxd.it/3ZQvwJ	0,00			2023-03-17	Fantasy	en	France	Gaspar Noé	754249	13000000
2023-03-19	Kiki's Delivery Service	1989	https://boxd.it/402jA9	4,00	Yes		2023-03-18	Animation	ja	Japan	Hayao Miyazaki	4493017	6900000
2023-03-27	Grave of the Fireflies	1988	https://boxd.it/42bchb	3,00			2023-03-26	Animation	ja	Japan	Isao Takahata	516962	3700000
2023-05-15	Beau Is Afraid	2023	https://boxd.it/4fkoWZ	4,00			2023-04-24	Comedy	en	United States of America	Ari Aster	11500000	35000000
2023-05-18	The Silence	1963	https://boxd.it/4gfbAF	0,00			2023-05-17	Drama	sv	Sweden	Ingmar Bergman	0	0
2023-05-22	Blow-Up	1966	https://boxd.it/4hhOFH	0,00			2023-05-21	Drama	en	United Kingdom	Michelangelo Antonioni	0	1800000
2023-06-06	Cries and Whispers	1972	https://boxd.it/4laksZ	0,00			2023-05-31	Drama	sv	Sweden	Ingmar Bergman	0	400000
2023-06-06	BEEF	2023	https://boxd.it/4lak31	4,50			2023-06-05	Comedy	fr	France	Jean-Marie Poiré	0	0
2023-06-19	Asteroid City	2023	https://boxd.it/4ou8Qx	0,00			2023-06-17	Comedy	en	United States of America	Wes Anderson	47281670	25000000
2023-07-03	Prisoners	2013	https://boxd.it/4sDr7v	0,00			2023-07-02	Drama	en	United States of America	Denis Villeneuve	122126687	46000000
2023-07-12	His House	2020	https://boxd.it/4vk13L	3,50			2023-07-12	Horror	en	United Kingdom	Remi Weekes	0	0
2023-07-16	Shiva Baby	2020	https://boxd.it/4wsVCd	3,50			2023-07-15	Comedy	en	United States of America	Emma Seligman	31014	250000
2023-08-06	L'Avventura	1960	https://boxd.it/4EvJ5z	3,50			2023-08-05	Drama	it	Italy	Michelangelo Antonioni	0	0
2023-08-09	Conversations with Friends	2022	https://boxd.it/4FnEWB	4,50	Yes		2023-08-08						
2023-08-19	Caché	2005	https://boxd.it/4IJ64V	0,00			2023-08-16	Mystery	fr	France	Michael Haneke	36000000	8731048
2023-08-19	Red, White & Royal Blue	2023	https://boxd.it/4IJ6mb	0,00			2023-08-17	Comedy	en	United States of America	Matthew López	0	0
2023-08-19	Past Lives	2023	https://boxd.it/4IJ7df	3,50			2023-08-19	Drama	en	United States of America	Celine Song	28126646	12000000
2023-08-20	Barbie	2023	https://boxd.it/4IRjrT	3,00			2023-08-19	Comedy	en	United States of America	Greta Gerwig	1445638421	145000000
2023-08-25	Ratcatcher	1999	https://boxd.it/4KlZJp	0,00			2023-08-24	Drama	en	France	Lynne Ramsay	0	0
2023-09-13	Reality	2023	https://boxd.it/4Q18yR	3,00			2023-08-28	Drama	en	France	Tina Satter	0	0
2023-09-01	Jennifer's Body	2009	https://boxd.it/4MA3jB	4,00			2023-08-31	Horror	en	United States of America	Karyn Kusama	31556061	16000000
2023-09-08	The Wailing	2016	https://boxd.it/4OLslx	3,50			2023-09-06	Horror	ko	South Korea	Na Hong-jin	49851770	10951000
2023-09-08	3-Iron	2004	https://boxd.it/4OLsK3	0,00			2023-09-08	Drama	ko	South Korea	Kim Ki-duk	3403957	0
2023-09-15	Oppenheimer	2023	https://boxd.it/4QzbzV	4,00			2023-09-13	Drama	en	United States of America	Christopher Nolan	952000000	100000000
2023-09-16	Oldboy	2003	https://boxd.it/4QMw7z	4,50			2023-09-14	Drama	ko	South Korea	Park Chan-wook	17500000	3000000
2023-09-20	Fresh	2022	https://boxd.it/4S0UgH	4,00			2023-09-19	Horror	en	United States of America	Mimi Cave	0	0
2023-10-19	Portrait of a Lady on Fire	2019	https://boxd.it/51ayHR	5,00	Yes		2023-10-18	Drama	fr	France	Céline Sciamma	9923127	5740000
2023-10-25	Daisy Jones & the Six	2023	https://boxd.it/531HwX	4,50			2023-10-23						
2023-11-02	The Little Drummer Girl	2018	https://boxd.it/568Onf	3,50			2023-11-01						
2023-11-03	Taylor Swift: The Eras Tour	2023	https://boxd.it/56hfRn	0,00			2023-11-02	Music	en	United States of America	Sam Wrench	261656269	15000000
2023-11-05	Green Room	2015	https://boxd.it/56X9wx	0,00			2023-11-04	Horror	en	United States of America	Jeremy Saulnier	3800000	5000000
2023-11-09	Talk to Me	2022	https://boxd.it/58cOdb	3,00			2023-11-08	Horror	en	Australia	Danny Philippou	92000000	4500000
2023-11-16	Buffalo '66	1998	https://boxd.it/5amLLR	0,00			2023-11-15	Drama	en	United States of America	Vincent Gallo	2375097	1500000
2023-11-19	The Hunger Games: The Ballad of Songbirds & Snakes	2023	https://boxd.it/5bfVxF	5,00			2023-11-18	Drama	en	United States of America	Francis Lawrence	337134868	100000000
2023-11-21	The Hunger Games	2012	https://boxd.it/5c5R6z	3,00	Yes		2023-11-20	Science Fiction	en	United States of America	Gary Ross	694394724	75000000
2023-12-09	Mad Max: Fury Road	2015	https://boxd.it/5i5PSv	5,00	Yes		2023-12-08	Action	en	Australia	George Miller	378858340	150000000
2023-12-10	Take Care of Maya	2023	https://boxd.it/5iFQ73	4,00			2023-12-09	Documentary	en	United States of America	Henry Roosevelt	0	0
2023-12-11	The Hunger Games: Catching Fire	2013	https://boxd.it/5iSoT5	4,50			2023-12-10	Adventure	en	United States of America	Francis Lawrence	865011746	130000000
2023-12-17	Lessons in Chemistry	2023	https://boxd.it/5kNgMD	3,50			2023-12-10						
2023-12-17	Akira	1988	https://boxd.it/5kNh27	3,50			2023-12-15	Animation	ja	Japan	Katsuhiro Otomo	944248	10000000
2023-12-17	Something Left, Something Taken	2010	https://boxd.it/5kUkaR	0,00	Yes		2023-12-16	Animation	en	United States of America	Max Porter	0	0
2023-12-17	Next Floor	2008	https://boxd.it/5kUJwt	4,00	Yes		2023-12-16	Comedy	en	Canada	Denis Villeneuve	0	0
2023-12-25	The Tatami Galaxy	2010	https://boxd.it/5obP3t	4,00			2023-12-16						
2023-12-25	No Hard Feelings	2023	https://boxd.it/5obJVz	2,00			2023-12-23	Comedy	en	United States of America	Gene Stupnitsky	83000000	45000000
2023-12-25	The Killer	2023	https://boxd.it/5obOjv	3,00			2023-12-24	Crime	en	United States of America	David Fincher	362113	175000000
2023-12-26	Priscilla	2023	https://boxd.it/5oAgSh	0,00			2023-12-25	Drama	en	United States of America	Sofia Coppola	30140906	20000000
2023-12-27	Saltburn	2023	https://boxd.it/5pe4vZ	0,00			2023-12-26	Drama	en	United Kingdom	Emerald Fennell	21013738	20000000
2023-12-30	Promising Young Woman	2020	https://boxd.it/5r1HPL	4,00			2023-12-29	Thriller	en	United States of America	Emerald Fennell	20379604	10000000
2024-01-01	May December	2023	https://boxd.it/5swvMB	4,00			2024-01-01	Drama	en	United States of America	Todd Haynes	4232370	20000000
2024-01-02	The Holdovers	2023	https://boxd.it/5sE1mp	4,00			2024-01-01	Comedy	en	United States of America	Alexander Payne	42513270	13000000
2024-01-04	Infinity Pool	2023	https://boxd.it/5tYHWX	0,00			2024-01-03	Horror	en	Canada	Brandon Cronenberg	5078400	4500000
2024-01-05	Showing Up	2022	https://boxd.it/5uGPFX	0,00			2024-01-04	Comedy	en	United States of America	Kelly Reichardt	708854	0
2024-01-09	The Boy and the Heron	2023	https://boxd.it/5xuZq7	4,50			2024-01-08	Animation	ja	Japan	Hayao Miyazaki	165208613	50000000
2024-01-09	Anatomy of a Fall	2023	https://boxd.it/5xCPs9	5,00			2024-01-09	Thriller	fr	France	Justine Triet	32579042	6200000
2024-01-10	Society of the Snow	2023	https://boxd.it/5y8E79	0,00			2024-01-09	Drama	es	Spain	J. A. Bayona	1281	65500000
2024-01-25	Poor Things	2023	https://boxd.it/5GceEL	5,00			2024-01-24	Science Fiction	en	United States of America	Yorgos Lanthimos	117193959	35000000
2024-01-29	The Crowded Room	2023	https://boxd.it/5I2Icl	5,00			2024-01-28						
2024-02-04	The Favourite	2018	https://boxd.it/5KQmW5	4,00	Yes		2024-02-03	Drama	en	United Kingdom	Yorgos Lanthimos	95918706	15000000
2024-02-05	May December	2023	https://boxd.it/5Lgg8Z	5,00	Yes		2024-02-04	Drama	en	United States of America	Todd Haynes	4232370	20000000
2024-02-11	The Zone of Interest	2023	https://boxd.it/5OdytR	0,00			2024-02-09	History	en	United States of America	Jonathan Glazer	37742591	15000000
2024-02-13	All of Us Strangers	2023	https://boxd.it/5OWxc1	2,00			2024-02-12	Romance	en	United States of America	Andrew Haigh	14864960	0
2024-02-15	Fallen Leaves	2023	https://boxd.it/5PCSV1	0,00			2024-02-14	Romance	fi	Finland	Aki Kaurismäki	12400000	1480000
2024-02-18	There Will Be Blood	2007	https://boxd.it/5R83SN	5,00	Yes		2024-02-17	Drama	en	United States of America	Paul Thomas Anderson	77208711	25000000
2024-02-20	Upgraded	2024	https://boxd.it/5S39Zz	1,00			2024-02-19	Romance	en	United States of America	Carlson Young	0	0
2024-03-02	One Day	2024	https://boxd.it/5X4FWf	3,50			2024-03-01	Horror	en	United States of America	Michael Sarnoski	0	0
2024-03-19	Watchmen	2019	https://boxd.it/65w7kf	5,00			2024-03-19	Action	en	United States of America	Zack Snyder	185258983	130000000
2024-03-25	Night Is Short, Walk on Girl	2017	https://boxd.it/67WL7v	0,00			2024-03-24	Comedy	ja	Japan	Masaaki Yuasa	3878208	0
2024-04-02	Monster	2023	https://boxd.it/6bEw21	4,00			2024-04-01	Thriller	xx	Indonesia	Rako Prijanto	0	0
2024-04-11	Quiet on Set: The Dark Side of Kids TV	2024	https://boxd.it/6fDCcv	0,00			2024-04-10						
2024-04-21	Baby Reindeer	2024	https://boxd.it/6ju83B	0,00			2024-04-20						
2024-04-22	Civil War	2024	https://boxd.it/6k1fLr	0,00			2024-04-21	War	en	United Kingdom	Alex Garland	72245095	50000000
2024-04-25	Terrorizers	1986	https://boxd.it/6l4vjj	4,00			2024-04-24	Drama	zh	Taiwan	Edward Yang	0	0
2024-04-25	Good Will Hunting	1997	https://boxd.it/6llD7p	3,50			2024-04-24	Drama	en	United States of America	Gus Van Sant	225900000	10000000
2024-04-28	No Country for Old Men	2007	https://boxd.it/6m8P6V	5,00			2024-04-26	Crime	en	United States of America	Ethan Coen	171627166	25000000
2024-04-30	Challengers	2024	https://boxd.it/6njgiX	4,50			2024-04-29	Drama	en	United States of America	Luca Guadagnino	26936634	55000000
