Date,Name,Year,Letterboxd URI,Rating,Rewatch,Tags,Watched Date
2019-03-13,Under the Skin,2013,https://boxd.it/F9ECB,5,,,2019-03-12
2019-03-16,mid90s,2018,https://boxd.it/FiGaH,3.5,,,2019-03-15
2019-03-17,Skin,2018,https://boxd.it/Flxtr,0.5,,,2019-03-16
2019-03-18,Come and See,1985,https://boxd.it/FokRL,,,,2019-03-17
2019-03-18,Vox Lux,2018,https://boxd.it/Fpkfp,4,,,2019-03-17
2019-03-22,Victoria,2015,https://boxd.it/FBozd,4,,,2019-03-21
2019-03-24,Dogtooth,2009,https://boxd.it/FGAkf,4.5,,,2019-03-23
2019-03-24,Braid,2018,https://boxd.it/FJV8F,4,,,2019-03-24
2019-03-25,Green Book,2018,https://boxd.it/FLnD9,3,,,2019-03-24
2019-03-25,Fantastic Planet,1973,https://boxd.it/FNLHX,4,,,2019-03-25
2019-03-27,Donnie Darko,2001,https://boxd.it/FTYrl,5,,,2019-03-27
2019-03-28,The Killing of a Sacred Deer,2017,https://boxd.it/FWNsN,,,,2019-03-28
2019-03-29,Us,2019,https://boxd.it/FXyRZ,5,,,2019-03-28
2019-03-31,Searching,2018,https://boxd.it/G3gSx,4,,,2019-03-30
2019-04-01,Coherence,2013,https://boxd.it/G7abv,3.5,,,2019-03-31
2019-04-05,A Simple Favor,2018,https://boxd.it/GhSuh,3,,,2019-04-04
2019-04-06,The Student,2016,https://boxd.it/Gky0d,5,,,2019-04-05
2019-04-11,Oxygen,2009,https://boxd.it/GBfcX,4,,,2019-04-11
2019-04-12,Corrections Class,2014,https://boxd.it/GBUqV,4.5,,,2019-04-11
2019-04-13,Eighth Grade,2018,https://boxd.it/GF2ML,4,,,2019-04-12
2019-04-14,Daisies,1966,https://boxd.it/GHPnp,5,,,2019-04-13
2019-04-15,Escape from Alcatraz,1979,https://boxd.it/GKqF5,3,,,2019-04-14
2019-04-20,Zodiac,2007,https://boxd.it/GZ3eF,4,,,2019-04-19
2019-04-21,Crush,2009,https://boxd.it/H1Hof,3,,,2019-04-20
2019-04-24,Acid,2018,https://boxd.it/Hc0zr,4.5,,,2019-04-23
2019-04-27,Antichrist,2009,https://boxd.it/HmQXl,,,,2019-04-27
2019-04-30,Animal Behaviour,2018,https://boxd.it/Hv5y7,3,,,2019-04-29
2019-05-01,Synonyms,2019,https://boxd.it/HxoyJ,5,,,2019-04-30
2019-05-05,Paprika,2006,https://boxd.it/HJzT3,4,,,2019-05-05
2019-05-05,Melancholia,2011,https://boxd.it/HLUrj,5,,,2019-05-05
2019-05-07,Avengers: Endgame,2019,https://boxd.it/HPj2J,3,,,2019-05-06
2019-05-07,Guava Island,2019,https://boxd.it/HRTBf,3.5,,,2019-05-07
2019-05-09,"Extremely Wicked, Shockingly Evil and Vile",2019,https://boxd.it/HUtnH,2.5,,,2019-05-08
2019-05-14,Escape Room,2019,https://boxd.it/I8FFV,3,,,2019-05-13
2019-05-15,Roma,2018,https://boxd.it/Ibl4B,5,,,2019-05-14
2019-05-16,High Life,2018,https://boxd.it/IeiFP,4.5,,,2019-05-15
2019-05-18,The Witch: Part 1. The Subversion,2018,https://boxd.it/IjBJB,3,,,2019-05-17
2019-05-22,Leto,2018,https://boxd.it/IydNz,4,,,2019-05-22
2019-05-23,Amanda,2018,https://boxd.it/IyW0R,3.5,,,2019-05-22
2019-05-24,Playing the Victim,2006,https://boxd.it/IBX2F,4,,,2019-05-23
2019-05-25,Revenge,2017,https://boxd.it/IEWqx,4,,,2019-05-25
2019-05-26,The Third Man,1949,https://boxd.it/IHIxb,4.5,,,2019-05-25
2019-05-27,Thunder Road,2018,https://boxd.it/ILdPh,4.5,,,2019-05-26
2019-05-30,Tom at the Farm,2013,https://boxd.it/IVnHd,3.5,,,2019-05-29
2019-06-02,The Thin Blue Line,1988,https://boxd.it/J6kRB,4,,,2019-06-02
2019-06-06,Booksmart,2019,https://boxd.it/Ji7XP,5,,,2019-06-06
2019-06-07,Dark Phoenix,2019,https://boxd.it/JiQdx,1.5,,,2019-06-06
2019-06-09,Chernobyl,2019,https://boxd.it/JoNW7,5,,,2019-06-08
2019-06-11,Rushmore,1998,https://boxd.it/JxU8V,5,,,2019-06-11
2019-06-12,Spider-Man: Into the Spider-Verse,2018,https://boxd.it/Jyxyj,4.5,,,2019-06-11
2019-06-12,The Party's Just Beginning,2018,https://boxd.it/JATCV,4,,,2019-06-12
2019-06-13,A Quiet Place,2018,https://boxd.it/JCayN,3.5,,,2019-06-13
2019-06-14,Cam,2018,https://boxd.it/JDNGD,3,,,2019-06-13
2019-06-14,Enemy,2013,https://boxd.it/JEJzP,5,,,2019-06-14
2019-06-20,The Vanishing,1988,https://boxd.it/JWQHx,4,,,2019-06-19
2019-06-22,Pain and Glory,2019,https://boxd.it/K1X5Z,,,,2019-06-21
2019-06-22,If Beale Street Could Talk,2018,https://boxd.it/K2qGF,4.5,,,2019-06-21
2019-06-23,The Fool,2014,https://boxd.it/K58x7,,,,2019-06-22
2019-06-23,Beau,2011,https://boxd.it/K5ayB,3.5,,,2019-06-22
2019-06-23,Munchausen,2013,https://boxd.it/K5Ayn,4,,,2019-06-22
2019-06-23,C'est la Vie,2016,https://boxd.it/K5ACz,,,,2019-06-22
2019-06-23,The Turtle's Head,2014,https://boxd.it/K5AHT,,,,2019-06-22
2019-06-23,Basically,2014,https://boxd.it/K5FHJ,,,,2019-06-23
2019-06-26,Beanpole,2019,https://boxd.it/Kfcl5,,,,2019-06-25
2019-06-27,Phantom Thread,2017,https://boxd.it/KjNE7,4,,,2019-06-27
2019-06-28,Her,2013,https://boxd.it/Kmw1N,5,,,2019-06-28
2019-06-30,"Paris, Texas",1984,https://boxd.it/Kq36n,,,,2019-06-29
2019-07-03,Upgrade,2018,https://boxd.it/KzTvR,4,,,2019-07-02
2019-07-03,Necktie,2013,https://boxd.it/KzUJb,,,,2019-07-02
2019-07-04,The Hate U Give,2018,https://boxd.it/KCjE5,3.5,,,2019-07-03
2019-07-05,The Double,2013,https://boxd.it/KGbwF,,,,2019-07-04
2019-07-05,Wildlife,2018,https://boxd.it/KGxUJ,5,,,2019-07-05
2019-07-06,Parasite,2019,https://boxd.it/KIYux,5,,,2019-07-05
2019-07-08,Spotlight,2015,https://boxd.it/KPLH3,3.5,,,2019-07-07
2019-07-08,Snowpiercer,2013,https://boxd.it/KPYVx,3.5,,,2019-07-07
2019-07-09,Spider-Man: Far from Home,2019,https://boxd.it/KVSVN,3.5,,,2019-07-09
2019-07-10,You Were Never Really Here,2017,https://boxd.it/KWUYB,4.5,,,2019-07-09
2019-07-12,Black Mirror: Smithereens,2019,https://boxd.it/L2M35,3,,,2019-07-11
2019-07-17,Clue,1985,https://boxd.it/Ll19X,3,,,2019-07-17
2019-07-20,Ferris Bueller's Day Off,1986,https://boxd.it/LrGdj,3,,,2019-07-19
2019-07-20,Midsommar,2019,https://boxd.it/Lsn8r,4.5,,,2019-07-20
2019-07-21,The Shining,1980,https://boxd.it/LvpBB,5,,,2019-07-20
2019-07-22,Her Smell,2018,https://boxd.it/LycFr,,,,2019-07-21
2019-07-22,Strangers on a Train,1951,https://boxd.it/Lz76j,4,,,2019-07-21
2019-07-24,Can You Ever Forgive Me?,2018,https://boxd.it/LFDUR,4,,,2019-07-24
2019-07-25,Minding the Gap,2018,https://boxd.it/LKfLB,5,,,2019-07-25
2019-07-26,Animal World,2018,https://boxd.it/LNqWr,3.5,,,2019-07-26
2019-07-27,Russian Ark,2002,https://boxd.it/LOzCR,4.5,,,2019-07-26
2019-07-28,John Wick,2014,https://boxd.it/LRsKZ,3.5,,,2019-07-27
2019-07-28,Lolita,1962,https://boxd.it/LS7pt,2.5,,,2019-07-27
2019-07-29,Fight Club,1999,https://boxd.it/LVsK9,5,,,2019-07-28
2019-07-30,Crazy Rich Asians,2018,https://boxd.it/LZdFh,2.5,,,2019-07-29
2019-07-31,The Perfect Date,2019,https://boxd.it/M1ZNx,2,,,2019-07-30
2019-08-01,John Wick: Chapter 2,2017,https://boxd.it/M5YqF,3.5,,,2019-07-31
2019-08-01,The Girl with the Dragon Tattoo,2011,https://boxd.it/M7V5X,4.5,,,2019-08-01
2019-08-02,In Fabric,2018,https://boxd.it/M8Nct,3,,,2019-08-01
2019-08-13,Hard Candy,2005,https://boxd.it/ML9Cz,,,,2019-08-13
2019-08-18,Back to the Future,1985,https://boxd.it/MZl1j,4.5,,,2019-08-17
2019-08-20,Almost Famous,2000,https://boxd.it/N6tcD,4,,,2019-08-19
2019-08-22,Asako I & II,2018,https://boxd.it/NdeaV,,,,2019-08-22
2019-08-24,Blue Velvet,1986,https://boxd.it/NjAxJ,,,,2019-08-23
2019-08-28,Vertigo,1958,https://boxd.it/NysTd,4.5,,,2019-08-27
2019-08-31,Taylor Swift: Reputation Stadium Tour,2018,https://boxd.it/NHqrT,4.5,,,2019-08-31
2019-09-01,Open Your Eyes,1997,https://boxd.it/NI9CR,3.5,,,2019-08-31
2019-09-03,Old Joy,2006,https://boxd.it/NQ0uP,5,,,2019-09-02
2019-09-04,The Color of Pomegranates,1969,https://boxd.it/NSYPH,,,,2019-09-03
2019-09-06,Starfish,2018,https://boxd.it/NZJLf,4,,,2019-09-05
2019-09-07,Memento,2000,https://boxd.it/O27D9,4,,,2019-09-06
2019-09-08,Freak Show,2017,https://boxd.it/O5UNN,3,,,2019-09-07
2019-09-09,The Raid,2011,https://boxd.it/O94UP,4,,,2019-09-08
2019-09-09,K-12,2019,https://boxd.it/Oa5lD,4,,,2019-09-08
2019-09-12,The Dead Don't Die,2019,https://boxd.it/Oj1CN,2.5,,,2019-09-11
2019-09-15,It Chapter Two,2019,https://boxd.it/Os8gR,4,,,2019-09-14
2019-09-15,Roundhay Garden Scene,1888,https://boxd.it/OuDCX,,,,2019-09-15
2019-09-16,And So We Put Goldfish in the Pool.,2017,https://boxd.it/Ow0e7,4.5,,,2019-09-15
2019-09-17,Sugar,2017,https://boxd.it/OzMH3,,,,2019-09-16
2019-09-17,It Matters,2015,https://boxd.it/OzO19,,,,2019-09-16
2019-09-17,His Favorite Person,2018,https://boxd.it/OzOGL,4,,,2019-09-16
2019-09-17,Your Girlfriend,2019,https://boxd.it/OzQLN,,,,2019-09-16
2019-09-30,Memories of Murder,2003,https://boxd.it/PediJ,,,,2019-09-29
2019-10-03,Doubt,2008,https://boxd.it/Po0z3,4.5,,,2019-10-02
2019-10-04,Fantastic Mr. Fox,2009,https://boxd.it/PqSVV,4.5,,,2019-10-03
2019-10-07,Joker,2019,https://boxd.it/PC8l7,4,,,2019-10-06
2019-10-07,Good Morning,2007,https://boxd.it/PCdYX,,,,2019-10-06
2019-10-09,Too Many Cooks,2014,https://boxd.it/PMgXt,,,,2019-10-09
2019-10-10,Over,2015,https://boxd.it/PNKcT,5,,,2019-10-09
2019-10-10,Next Floor,2008,https://boxd.it/PNSCP,5,,,2019-10-09
2019-10-13,District 9,2009,https://boxd.it/PYgyR,3.5,,,2019-10-12
2019-10-14,Filth,2013,https://boxd.it/Q41JR,4,,,2019-10-13
2019-10-20,Mermaid,2007,https://boxd.it/QqvbJ,,,,2019-10-20
2019-10-21,Ad Astra,2019,https://boxd.it/QsBE7,3.5,,,2019-10-20
2019-10-23,Knick Knack,1989,https://boxd.it/QDANz,,,,2019-10-23
2019-11-01,The Nightingale,2018,https://boxd.it/R8Uap,,,,2019-11-01
2019-11-02,Portrait of a Lady on Fire,2019,https://boxd.it/RbUCJ,5,,,2019-11-01
2019-11-02,Interesting Ball,2014,https://boxd.it/RejeV,,,,2019-11-02
2019-11-03,Scary Stories to Tell in the Dark,2019,https://boxd.it/ReQbv,2.5,,,2019-11-02
2019-11-04,Babyteeth,2019,https://boxd.it/Rkjlp,3,,,2019-11-03
2019-11-05,Brokeback Mountain,2005,https://boxd.it/RoB3L,4,,,2019-11-04
2019-11-06,Anima,2019,https://boxd.it/RrcF7,4.5,,,2019-11-05
2019-11-06,Great Poetry,2019,https://boxd.it/Rs8v5,4,,,2019-11-05
2019-11-07,About Endlessness,2019,https://boxd.it/RujyN,,,,2019-11-06
2019-11-07,Songs from the Second Floor,2000,https://boxd.it/RvuVF,,,,2019-11-06
2019-11-08,A Colony,2018,https://boxd.it/Ry7QX,3.5,,,2019-11-07
2019-11-08,Elephant,2003,https://boxd.it/RyTOv,3,,,2019-11-07
2019-11-09,Genesis,2018,https://boxd.it/RBHGP,4,,,2019-11-08
2019-11-09,And Then We Danced,2019,https://boxd.it/RCl9r,4.5,,,2019-11-08
2019-11-11,Call Me by Your Name,2017,https://boxd.it/RKKFj,4.5,Yes,,2019-11-10
2019-11-13,Sonata for Hitler,1989,https://boxd.it/RSdKB,,,,2019-11-12
2019-11-14,Mother and Son,1997,https://boxd.it/RUNFV,,,,2019-11-13
2019-11-16,The Snails,1966,https://boxd.it/S44jZ,,,,2019-11-16
2019-11-17,Ten Minutes Older,1978,https://boxd.it/S5J9N,,,,2019-11-16
2019-11-17,Monster,2005,https://boxd.it/S5NBr,,,,2019-11-17
2019-11-18,HAIM / Valentine,2017,https://boxd.it/S9oCd,4.5,,,2019-11-17
2019-11-18,The Master,2012,https://boxd.it/SagM7,,,,2019-11-17
2019-11-19,Star,2014,https://boxd.it/SdXDX,,,,2019-11-18
2019-11-22,Honeyland,2019,https://boxd.it/SmG4T,,,,2019-11-21
2019-11-24,Crawl,2019,https://boxd.it/SuxIL,3,,,2019-11-23
2019-11-26,Sign of Disaster,1987,https://boxd.it/SFTDb,,,,2019-11-26
2019-11-27,Sunshine Bob,2006,https://boxd.it/SHbPh,,,,2019-11-26
2019-11-27,The Fall,2019,https://boxd.it/SHd8f,,,,2019-11-26
2019-11-28,Lady Bird,2017,https://boxd.it/SKL43,5,Yes,,2019-11-27
2019-11-30,Ready or Not,2019,https://boxd.it/SS7sv,3.5,,,2019-11-29
2019-12-01,Anna,2019,https://boxd.it/SVv49,1.5,,,2019-11-30
2019-12-04,Unbelievable,2019,https://boxd.it/T9Tdn,4.5,,,2019-12-03
2019-12-05,The Death of Dick Long,2019,https://boxd.it/TdurR,4.5,,,2019-12-04
2019-12-07,Knives Out,2019,https://boxd.it/TjGZt,4,,,2019-12-06
2019-12-09,La Belle Époque,2019,https://boxd.it/TrUCp,4,,,2019-12-08
2019-12-09,"Love, Antosha",2019,https://boxd.it/TtE6r,,,,2019-12-08
2019-12-12,Marriage Story,2019,https://boxd.it/THBlL,5,,,2019-12-12
2019-12-13,It Follows,2014,https://boxd.it/TJaqD,,,,2019-12-12
2019-12-14,Monos,2019,https://boxd.it/TMi2l,4,,,2019-12-13
2019-12-19,Give Me Liberty,2019,https://boxd.it/U6mRx,4,,,2019-12-18
2019-12-21,When They See Us,2019,https://boxd.it/UfySZ,4.5,,,2019-12-20
2019-12-21,Duck Soup,1933,https://boxd.it/Ug3dX,4.5,,,2019-12-20
2019-12-23,Paddington 2,2017,https://boxd.it/UoUhp,3.5,,,2019-12-22
2019-12-30,Before Sunrise,1995,https://boxd.it/V1yWX,4.5,,,2019-12-29
2019-12-30,Before Sunset,2004,https://boxd.it/V3lC5,4.5,,,2019-12-30
2019-12-31,Tokyo Godfathers,2003,https://boxd.it/V8RdL,3.5,,,2019-12-31
2020-01-01,Mommy,2014,https://boxd.it/ViKXR,5,,,2020-01-01
2020-01-02,The Cabin in the Woods,2011,https://boxd.it/VqGqP,2.5,,,2020-01-02
2020-01-03,A Rainy Day in New York,2019,https://boxd.it/VsFmB,2.5,,,2020-01-02
2020-01-03,Koko-di Koko-da,2019,https://boxd.it/VtJZJ,3.5,,,2020-01-02
2020-01-04,Talking Heads,1980,https://boxd.it/VyusF,,,,2020-01-03
2020-01-04,I Lost My Body,2019,https://boxd.it/VAGE3,4,,,2020-01-04
2020-01-05,Tramway,1966,https://boxd.it/VF97v,,,,2020-01-04
2020-01-05,Great Poetry,2019,https://boxd.it/VFUwx,4,Yes,,2020-01-04
2020-01-07,David Lynch: The Art Life,2016,https://boxd.it/VTdFf,3.5,,,2020-01-06
2020-01-16,Paradise Hills,2019,https://boxd.it/WKlDH,2.5,,,2020-01-15
2020-01-18,Goldman v Silverman,2020,https://boxd.it/WTIVn,3.5,,,2020-01-17
2020-01-18,The Lighthouse,2019,https://boxd.it/WUt4l,4.5,,,2020-01-17
2020-01-18,Hair Love,2019,https://boxd.it/WUTzz,3,,,2020-01-17
2020-01-18,Busting a Nut,2019,https://boxd.it/WUWAP,4,,,2020-01-17
2020-01-18,Patricia,2019,https://boxd.it/WUYGP,3.5,,,2020-01-17
2020-01-20,Corpus Christi,2019,https://boxd.it/X6vKH,4,,,2020-01-19
2020-01-26,Hot Summer Nights,2017,https://boxd.it/XDY7v,1.5,,,2020-01-25
2020-01-27,Pure Art,2019,https://boxd.it/XJ0Kf,4,,,2020-01-26
2020-01-27,Columbus,2017,https://boxd.it/XKG3J,5,,,2020-01-26
2020-02-01,When Lynch Met Lucas,2010,https://boxd.it/Y8bgZ,,,,2020-01-31
2020-02-01,Negative Space,2017,https://boxd.it/Y8bVj,4.5,,,2020-01-31
2020-02-02,1917,2019,https://boxd.it/Yf0OZ,4,,,2020-02-01
2020-02-02,Kitbull,2019,https://boxd.it/YjLm7,,,,2020-02-02
2020-02-04,Dracula,2020,https://boxd.it/YuvOh,2.5,,,2020-02-04
2020-02-06,Waves,2019,https://boxd.it/YBbHT,3,,,2020-02-05
2020-02-08,Little Women,2019,https://boxd.it/YJYNH,3.5,,,2020-02-07
2020-02-11,Good Time,2017,https://boxd.it/Z3qzr,4,,,2020-02-10
2020-02-11,Nausicaä of the Valley of the Wind,1984,https://boxd.it/Z5Ur7,,,,2020-02-11
2020-02-13,Personal Shopper,2016,https://boxd.it/ZdIiX,3.5,,,2020-02-12
2020-02-14,Jojo Rabbit,2019,https://boxd.it/ZiQ2D,4.5,,,2020-02-13
2020-02-15,The Farewell,2019,https://boxd.it/Znd4P,4.5,Yes,,2020-02-14
2020-02-18,"Something Left, Something Taken",2010,https://boxd.it/ZFsC9,5,,,2020-02-17
2020-02-18,Perfect Houseguest,2015,https://boxd.it/ZFtPN,,,,2020-02-17
2020-02-18,World of Tomorrow,2015,https://boxd.it/ZHhbl,3.5,,,2020-02-17
2020-02-21,Hot Fuzz,2007,https://boxd.it/ZXKid,3.5,,,2020-02-20
2020-02-22,Miss Stevens,2016,https://boxd.it/102y8l,4,,,2020-02-22
2020-02-23,To All the Boys: P.S. I Still Love You,2020,https://boxd.it/1088hN,2.5,,,2020-02-23
2020-02-27,Her,2013,https://boxd.it/10rPJj,5,Yes,,2020-02-26
2020-02-29,Contagion,2011,https://boxd.it/10Bh7v,3,,,2020-02-29
2020-03-01,Saria,2019,https://boxd.it/10Gk3r,,,,2020-02-29
2020-03-01,Lost & Found,2018,https://boxd.it/10Gv4P,,,,2020-03-01
2020-03-01,The Man Who Was Afraid of Falling,2011,https://boxd.it/10Gwt7,,,,2020-03-01
2020-03-02,The Black Balloon,2012,https://boxd.it/10ME89,3,,,2020-03-01
2020-03-04,Blue Valentine,2010,https://boxd.it/10WxqZ,4,,,2020-03-03
2020-03-06,Amadeus,1984,https://boxd.it/115all,,,,2020-03-05
2020-03-07,Brooklyn,2015,https://boxd.it/119GS5,4,,,2020-03-06
2020-03-08,Lady Bird,2017,https://boxd.it/11dZt7,5,Yes,,2020-03-07
2020-03-12,Richard Jewell,2019,https://boxd.it/11wnnD,3.5,,,2020-03-11
2020-03-15,It Comes at Night,2017,https://boxd.it/11Kfrv,4,,,2020-03-14
2020-03-16,Burning,2018,https://boxd.it/11PTcP,4.5,,,2020-03-15
2020-03-19,The Rocky Horror Picture Show,1975,https://boxd.it/126YDb,3.5,,,2020-03-18
2020-03-20,Playground,2016,https://boxd.it/12cCmf,2.5,,,2020-03-19
2020-03-20,The Ritual,2017,https://boxd.it/12dxWz,3.5,,,2020-03-20
2020-03-21,10 Cloverfield Lane,2016,https://boxd.it/12iF4F,3.5,,,2020-03-20
2020-03-23,Little Women,2019,https://boxd.it/12yo3H,3.5,Yes,,2020-03-22
2020-03-24,Broomshakalaka,2013,https://boxd.it/12FbbH,,,,2020-03-23
2020-03-24,Before Midnight,2013,https://boxd.it/12JKMh,4.5,,,2020-03-24
2020-03-26,The Girl with All the Gifts,2016,https://boxd.it/12QQUZ,1,,,2020-03-25
2020-03-26,Climax,2018,https://boxd.it/12RlqL,4.5,Yes,,2020-03-25
2020-03-27,Mommy,2014,https://boxd.it/12ZfMd,5,Yes,,2020-03-26
2020-03-30,The Platform,2019,https://boxd.it/13nLat,3,,,2020-03-29
2020-04-02,Angst,1983,https://boxd.it/13Gox3,,,,2020-04-01
2020-04-02,The Edge of Seventeen,2016,https://boxd.it/13HN0Z,4.5,,,2020-04-01
2020-04-03,First Reformed,2017,https://boxd.it/13QmWb,5,,,2020-04-02
2020-04-04,Booksmart,2019,https://boxd.it/13VZLL,5,Yes,,2020-04-03
2020-04-07,Dosed,2019,https://boxd.it/14jYYR,3.5,,,2020-04-06
2020-04-07,"It's Not You, It's Me",2013,https://boxd.it/14kwBR,3.5,,,2020-04-06
2020-04-08,The Hunt,2020,https://boxd.it/14qP1b,3,,,2020-04-07
2020-04-08,Ingrid Goes West,2017,https://boxd.it/14t8V7,3.5,,,2020-04-08
2020-04-10,Swallow,2019,https://boxd.it/14H1YV,4.5,,,2020-04-10
2020-04-13,Compliance,2012,https://boxd.it/156dbL,,,,2020-04-12
2020-04-13,For Sama,2019,https://boxd.it/15cNkh,,,,2020-04-13
2020-04-14,All the Bright Places,2020,https://boxd.it/15hs9d,2.5,,,2020-04-13
2020-04-14,Lost in Translation,2003,https://boxd.it/15llJr,3,,,2020-04-14
2020-04-15,The Eyes of My Mother,2016,https://boxd.it/15oQRd,4,,,2020-04-15
2020-04-16,Ghosts Before Breakfast,1928,https://boxd.it/15zMAp,,,,2020-04-16
2020-04-18,Balance,1989,https://boxd.it/15I8ZH,,,,2020-04-17
2020-04-18,The Gentlemen,2019,https://boxd.it/15JGqN,3,,,2020-04-17
2020-04-19,Queen of Hearts,2019,https://boxd.it/15PyKR,4.5,,,2020-04-18
2020-04-19,DAU. Natasha,2020,https://boxd.it/15SuKJ,3,,,2020-04-18
2020-04-20,How to Be Loved,1963,https://boxd.it/161cmH,,,,2020-04-19
2020-04-22,Call Center,2020,https://boxd.it/16dRRb,3.5,,,2020-04-21
2020-04-22,Onward,2020,https://boxd.it/16fQh1,3,,,2020-04-21
2020-04-22,Dead Poets Society,1989,https://boxd.it/16kmgn,3.5,,,2020-04-22
2020-04-24,Little Black Mirror: 69.90,2018,https://boxd.it/16sQSn,3.5,Yes,,2020-04-23
2020-04-25,Paterson,2016,https://boxd.it/16zucN,5,,,2020-04-24
2020-04-26,The Invisible Man,2020,https://boxd.it/16Hnf7,3.5,,,2020-04-25
2020-04-26,Only Lovers Left Alive,2013,https://boxd.it/16NSDV,3.5,,,2020-04-26
2020-04-28,It's Such a Beautiful Day,2012,https://boxd.it/16X447,,,,2020-04-27
2020-04-28,Insomnia,2002,https://boxd.it/174rXD,3,,,2020-04-28
2020-04-29,Videodrome,1983,https://boxd.it/17bxvz,,,,2020-04-29
2020-04-30,What We Do in the Shadows,2014,https://boxd.it/17ipgb,4,,,2020-04-30
2020-05-01,Drag Me to Hell,2009,https://boxd.it/17kMGv,4,,,2020-04-30
2020-05-01,Tiger King,2020,https://boxd.it/17pOB3,3.5,,,2020-05-01
2020-05-03,The Gift,2015,https://boxd.it/17A0xd,3.5,,,2020-05-02
2020-05-03,A Rainy Day in New York,2019,https://boxd.it/17AxBH,2.5,Yes,,2020-05-02
2020-05-04,Vita & Virginia,2018,https://boxd.it/17PN7X,3.5,,,2020-05-04
2020-05-05,Two Lovers,2008,https://boxd.it/17XdZl,4,,,2020-05-05
2020-05-07,The Place,2017,https://boxd.it/185bID,2.5,,,2020-05-06
2020-05-08,Honey Boy,2019,https://boxd.it/18cwDX,3.5,,,2020-05-07
2020-05-09,"Sometimes, I Think About Dying",2019,https://boxd.it/18k52L,,,,2020-05-08
2020-05-10,Ali: Fear Eats the Soul,1974,https://boxd.it/18qJkH,4.5,,,2020-05-09
2020-05-15,Punch-Drunk Love,2002,https://boxd.it/1935nf,,,,2020-05-15
2020-05-17,The Basketball Diaries,1995,https://boxd.it/19gLI1,2.5,,,2020-05-16
2020-05-18,System Crasher,2019,https://boxd.it/19pq8p,4,,,2020-05-18
2020-05-20,Tale in the Darkness,2009,https://boxd.it/19DSzV,,,,2020-05-20
2020-05-27,My Friend Dahmer,2017,https://boxd.it/1arnx5,2.5,,,2020-05-26
2020-05-28,The Half of It,2020,https://boxd.it/1aznfr,2.5,,,2020-05-27
2020-05-29,Unorthodox,2020,https://boxd.it/1aJnK5,3.5,,,2020-05-29
2020-05-30,The Lodge,2019,https://boxd.it/1aKSfJ,3.5,,,2020-05-29
2020-05-31,Sicario,2015,https://boxd.it/1aR2ah,3,,,2020-05-30
2020-05-31,Inside Man,2006,https://boxd.it/1aROyB,4,,,2020-05-30
2020-05-31,Dragged Across Concrete,2018,https://boxd.it/1aWgZN,3.5,,,2020-05-31
2020-06-01,Phantom Thread,2017,https://boxd.it/1aXkm3,,Yes,,2020-05-31
2020-06-02,A Pigeon Sat on a Branch Reflecting on Existence,2014,https://boxd.it/1b4sNb,,,,2020-06-01
2020-06-02,Sister,2018,https://boxd.it/1b4PSX,3.5,,,2020-06-01
2020-06-02,Carol,2015,https://boxd.it/1b9vHv,3.5,,,2020-06-02
2020-06-06,Collateral,2004,https://boxd.it/1btwP1,3,,,2020-06-05
2020-06-07,At Eternity's Gate,2018,https://boxd.it/1bANR3,4,,,2020-06-06
2020-06-08,Mishima: A Life in Four Chapters,1985,https://boxd.it/1bGoMp,,,,2020-06-07
2020-06-11,The Place Beyond the Pines,2012,https://boxd.it/1c32eh,3.5,,,2020-06-10
2020-06-11,Little Miss Sunshine,2006,https://boxd.it/1c6AYJ,5,,,2020-06-11
2020-06-12,A Separation,2011,https://boxd.it/1c8hkJ,4,,,2020-06-11
2020-06-14,The Best Offer,2013,https://boxd.it/1cliQn,3.5,,,2020-06-13
2020-06-15,Bad Genius,2017,https://boxd.it/1csjYL,3.5,,,2020-06-14
2020-06-17,American Psycho,2000,https://boxd.it/1cFs7d,3.5,,,2020-06-16
2020-06-19,Jacob's Ladder,1990,https://boxd.it/1cRV0T,3,,,2020-06-18
2020-06-20,The Florida Project,2017,https://boxd.it/1cWlBf,3.5,,,2020-06-19
2020-06-20,Safe,1995,https://boxd.it/1cYxV1,4.5,,,2020-06-20
2020-06-21,Drive,2011,https://boxd.it/1d2z7v,4.5,,,2020-06-20
2020-06-21,The Neon Demon,2016,https://boxd.it/1d4cNR,4.5,,,2020-06-20
2020-06-24,Lady Bird,2017,https://boxd.it/1dn0fL,5,Yes,,2020-06-23
2020-06-26,The Dreamers,2003,https://boxd.it/1dxwrp,4,,,2020-06-25
2020-06-28,Never Look Away,2018,https://boxd.it/1dJDCN,4,,,2020-06-27
2020-06-29,The Way Way Back,2013,https://boxd.it/1dVKsJ,3.5,,,2020-06-29
2020-07-03,PlayTime,1967,https://boxd.it/1egght,4,,,2020-07-03
2020-07-04,Magnolia,1999,https://boxd.it/1eqe4R,4,,,2020-07-04
2020-07-06,12 Angry Men,1957,https://boxd.it/1eA8h1,5,,,2020-07-05
2020-07-08,Clueless,1995,https://boxd.it/1eRtPx,5,,,2020-07-08
2020-07-09,Shirley,2020,https://boxd.it/1eX2VZ,,,,2020-07-09
2020-07-10,In Bruges,2008,https://boxd.it/1eXHtn,4.5,,,2020-07-09
2020-07-11,Ema,2019,https://boxd.it/1f3Ni3,3.5,,,2020-07-10
2020-07-11,Suspiria,1977,https://boxd.it/1f5PSL,3.5,,,2020-07-11
2020-07-13,Days of Heaven,1978,https://boxd.it/1fjWQl,,,,2020-07-12
2020-07-14,Being John Malkovich,1999,https://boxd.it/1frmC9,,,,2020-07-13
2020-07-15,Thelma & Louise,1991,https://boxd.it/1fCiqb,4.5,,,2020-07-15
2020-07-16,The Witch,2015,https://boxd.it/1fF3Ur,5,,,2020-07-16
2020-07-17,Ghost World,2001,https://boxd.it/1fOrTP,,,,2020-07-17
2020-07-19,Suspiria,2018,https://boxd.it/1fXcmT,4.5,,,2020-07-18
2020-07-20,Holy Motors,2012,https://boxd.it/1g521n,4,,,2020-07-19
2020-07-22,Lady Bird,2017,https://boxd.it/1ggiD5,5,Yes,,2020-07-21
2020-07-24,Goodnight Mommy,2014,https://boxd.it/1gwsml,3.5,,,2020-07-24
2020-08-03,The Hourglass Sanatorium,1973,https://boxd.it/1huGTt,,,,2020-08-02
2020-08-04,American Honey,2016,https://boxd.it/1hCHi5,5,,,2020-08-04
2020-08-05,Midsommar,2019,https://boxd.it/1hMBYT,4.5,Yes,,2020-08-05
2020-08-10,Cold War,2018,https://boxd.it/1ijatP,,,,2020-08-10
2020-08-11,Columbus,2017,https://boxd.it/1ikkj3,5,Yes,,2020-08-10
2020-08-11,Mysterious Skin,2004,https://boxd.it/1ikUKJ,4.5,,,2020-08-10
2020-08-12,The Kissing Booth 2,2020,https://boxd.it/1iq0aH,,,,2020-08-11
2020-08-12,Kicking and Screaming,1995,https://boxd.it/1irGg5,3.5,,,2020-08-11
2020-08-12,Moonlight,2016,https://boxd.it/1ivLXh,,,,2020-08-12
2020-08-14,The Social Network,2010,https://boxd.it/1iCZiB,,,,2020-08-13
2020-08-15,The Favourite,2018,https://boxd.it/1iObSD,,,,2020-08-15
2020-08-18,What Happened to Monday,2017,https://boxd.it/1j4inp,2.5,,,2020-08-17
2020-08-18,The Breakfast Club,1985,https://boxd.it/1j5D4v,4,Yes,,2020-08-17
2020-08-19,I May Destroy You,2020,https://boxd.it/1jcHLn,5,,,2020-08-19
2020-08-19,Birth,2004,https://boxd.it/1jfB2d,,,,2020-08-19
2020-08-22,Inception,2010,https://boxd.it/1jqXO1,4,,,2020-08-21
2020-08-24,Normal People,2020,https://boxd.it/1jFAFF,5,,,2020-08-23
2020-08-25,Wake Up,2020,https://boxd.it/1jQzgL,,,,2020-08-25
2020-08-27,Psycho,1960,https://boxd.it/1k2Osh,4.5,,,2020-08-26
2020-08-31,Palm Springs,2020,https://boxd.it/1kvB8B,3.5,,,2020-08-31
2020-09-01,Skhizein,2008,https://boxd.it/1kw0uR,,,,2020-08-31
2020-09-01,Host,2020,https://boxd.it/1kxYjr,2.5,,,2020-08-31
2020-09-01,The Strange Thing About the Johnsons,2011,https://boxd.it/1kyxrF,,,,2020-08-31
2020-09-02,Locke,2013,https://boxd.it/1kDVLf,,,,2020-09-01
2020-09-02,Phineas and Ferb: The Movie: Candace Against the Universe,2020,https://boxd.it/1kIjqt,3,,,2020-09-02
2020-09-03,The Big Sick,2017,https://boxd.it/1kK14j,4,,,2020-09-02
2020-09-04,Tenet,2020,https://boxd.it/1kPxvB,3.5,,,2020-09-03
2020-09-05,Jackie,2016,https://boxd.it/1kW5P3,4.5,,,2020-09-04
2020-09-06,Nightcrawler,2014,https://boxd.it/1l3S3r,4,,,2020-09-05
2020-09-06,"Throw Away Your Books, Rally in the Streets",1971,https://boxd.it/1l7JAJ,,,,2020-09-06
2020-09-07,Hotel Mumbai,2018,https://boxd.it/1l9VUP,3.5,,,2020-09-06
2020-09-10,Isi & Ossi,2020,https://boxd.it/1lu2bH,3,,,2020-09-09
2020-09-12,"Synecdoche, New York",2008,https://boxd.it/1lFylL,5,,,2020-09-11
2020-09-13,Uncut Gems,2019,https://boxd.it/1lOg83,4,,,2020-09-12
2020-09-17,I'm Thinking of Ending Things,2020,https://boxd.it/1meQ5h,,,,2020-09-17
2020-09-18,Never Rarely Sometimes Always,2020,https://boxd.it/1mj9o1,4,,,2020-09-17
2020-09-20,Eternal Sunshine of the Spotless Mind,2004,https://boxd.it/1muMV1,,,,2020-09-19
2020-09-20,After,2019,https://boxd.it/1mvxph,1,,,2020-09-19
2020-09-24,Sherlock Holmes,2009,https://boxd.it/1mWm63,3,,,2020-09-23
2020-09-25,The New Mutants,2020,https://boxd.it/1n0DLl,1.5,,,2020-09-24
2020-09-25,House,1977,https://boxd.it/1n1WUt,,,,2020-09-24
2020-09-26,Five Feet Apart,2019,https://boxd.it/1n63oH,2.5,,,2020-09-25
2020-09-26,12 Suicidal Teens,2019,https://boxd.it/1nbpiB,2.5,,,2020-09-26
2020-09-27,Get Out,2017,https://boxd.it/1ncIN1,5,Yes,,2020-09-26
2020-09-30,A Ghost Story,2017,https://boxd.it/1nyTYt,5,,,2020-09-30
2020-10-09,The Devil All the Time,2020,https://boxd.it/1otUmf,2.5,,,2020-10-08
2020-10-19,Room,2015,https://boxd.it/1pDWwl,,,,2020-10-19
2020-10-29,Gods,2014,https://boxd.it/1qI34Z,3,,,2020-10-28
2020-10-29,Unpregnant,2020,https://boxd.it/1qIA7H,3,,,2020-10-28
2020-10-31,The Haunting of Bly Manor,2020,https://boxd.it/1qXqo9,3.5,,,2020-10-30
2020-11-22,We Are Who We Are,2020,https://boxd.it/1taxhX,4,,,2020-11-21
2020-11-26,Cold War,2018,https://boxd.it/1tD7ap,,Yes,,2020-11-25
2020-11-26,The Queen's Gambit,2020,https://boxd.it/1tE29j,4,,,2020-11-25
2020-11-26,"Tytus, Romek i A'Tomek wśród złodziei marzeń",2002,https://boxd.it/1tIx0F,3.5,,,2020-11-26
2020-11-28,Fantastic Mr. Fox,2009,https://boxd.it/1tS8Ut,4.5,Yes,,2020-11-27
2020-12-09,She Dies Tomorrow,2020,https://boxd.it/1v9Jip,,,,2020-12-08
2020-12-14,Run,2020,https://boxd.it/1vDKfL,2.5,,,2020-12-13
2020-12-14,Dead Mountain: The Dyatlov Pass Incident,2020,https://boxd.it/1vEYaR,4,,,2020-12-13
2020-12-16,The Princess Switch,2018,https://boxd.it/1vTlu9,1,,,2020-12-15
2020-12-17,The Undoing,2020,https://boxd.it/1w0AT3,3,,,2020-12-16
2020-12-18,The Piano Teacher,2001,https://boxd.it/1w7wlP,4.5,,,2020-12-18
2020-12-19,Another Round,2020,https://boxd.it/1wceG1,3.5,,,2020-12-18
2020-12-19,Olive Kitteridge,2014,https://boxd.it/1wcHcJ,4,,,2020-12-18
2020-12-21,The Princess Switch: Switched Again,2020,https://boxd.it/1wr9up,0.5,,,2020-12-20
2020-12-21,Us,2019,https://boxd.it/1wrZsl,4,Yes,,2020-12-20
2020-12-22,Holidate,2020,https://boxd.it/1wzpRl,1.5,,,2020-12-21
2020-12-22,Columbus,2017,https://boxd.it/1wB6Wv,5,Yes,,2020-12-21
2020-12-23,Fanny and Alexander,1984,https://boxd.it/1wHSO7,4,,,2020-12-22
2020-12-26,Last Christmas,2019,https://boxd.it/1x6xQh,3,,,2020-12-25
2020-12-27,The Social Dilemma,2020,https://boxd.it/1xgSP5,3,,,2020-12-26
2020-12-27,Se7en,1995,https://boxd.it/1xj17l,4,,,2020-12-26
2020-12-27,The Hunt,2012,https://boxd.it/1xkkrV,,,,2020-12-26
2020-12-27,Ichi the Killer,2001,https://boxd.it/1xmUa1,4,,,2020-12-27
2020-12-28,Miss Americana,2020,https://boxd.it/1xEATr,3.5,,,2020-12-28
2020-12-29,Wolfwalkers,2020,https://boxd.it/1xHVOt,3.5,,,2020-12-28
2020-12-30,Audition,1999,https://boxd.it/1xRfID,3,,,2020-12-29
2021-01-02,The Bitter Tears of Petra von Kant,1972,https://boxd.it/1ykHf3,,,,2021-01-01
2021-01-04,After We Collided,2020,https://boxd.it/1yNpMV,0.5,,,2021-01-03
2021-01-06,Soul,2020,https://boxd.it/1zb2Td,3.5,,,2021-01-05
2021-01-08,Catch Me If You Can,2002,https://boxd.it/1zrGpT,4,,,2021-01-07
2021-01-09,You Were Never Really Here,2017,https://boxd.it/1zC4MH,4.5,Yes,,2021-01-09
2021-01-15,Laurence Anyways,2012,https://boxd.it/1AAswX,5,,,2021-01-14
2021-01-17,If Anything Happens I Love You,2020,https://boxd.it/1ARFQ1,,,,2021-01-16
2021-01-21,Carte Blanche,2015,https://boxd.it/1Bv4Uv,2.5,,,2021-01-20
2021-01-23,Tailgate,2019,https://boxd.it/1BMY8r,0.5,,,2021-01-22
2021-01-23,The Trial of the Chicago 7,2020,https://boxd.it/1BNIH3,3,,,2021-01-23
2021-01-27,Notting Hill,1999,https://boxd.it/1CopYt,2.5,,,2021-01-26
2021-01-31,Lady Bird,2017,https://boxd.it/1CWelX,5,Yes,,2021-01-31
2021-02-02,In the Mood for Love,2000,https://boxd.it/1DgpXD,,,,2021-02-01
2021-02-08,Cinema Paradiso,1988,https://boxd.it/1E5APx,4,,,2021-02-07
2021-02-09,The Disaster Artist,2017,https://boxd.it/1Efapj,3.5,,,2021-02-08
2021-02-11,Malcolm & Marie,2021,https://boxd.it/1EtYr3,3.5,,,2021-02-10
2021-02-22,House of Hummingbird,2018,https://boxd.it/1G49TN,4,,,2021-02-21
2021-02-24,To All the Boys: Always and Forever,2021,https://boxd.it/1GsJWh,2.5,,,2021-02-24
2021-03-07,Lady Bird,2017,https://boxd.it/1HOO0F,5,Yes,,2021-02-27
2021-03-01,I Care a Lot,2020,https://boxd.it/1H10gl,3.5,,,2021-02-28
2021-03-06,Call Me by Your Name,2017,https://boxd.it/1HFVqx,4.5,Yes,,2021-03-05
2021-03-07,Schindler's List,1993,https://boxd.it/1HOKwd,4,,,2021-03-06
2021-03-14,Cloverfield,2008,https://boxd.it/1IJvsT,3,,,2021-03-12
2021-03-14,The Shawshank Redemption,1994,https://boxd.it/1IJvR5,3.5,,,2021-03-13
2021-03-21,A Short Film About Love,1988,https://boxd.it/1JHKTl,5,,,2021-03-20
2021-03-24,Sound of Metal,2019,https://boxd.it/1K95mB,4.5,,,2021-03-23
2021-03-25,(500) Days of Summer,2009,https://boxd.it/1Kh6jp,3.5,Yes,,2021-03-24
2021-03-27,Framing Britney Spears,2021,https://boxd.it/1KvMr9,2.5,,,2021-03-26
2021-03-29,Nomadland,2020,https://boxd.it/1KLxEz,5,,,2021-03-28
2021-04-01,Psycho,2020,https://boxd.it/1LcqyD,3.5,,,2021-03-31
2021-04-03,Minari,2020,https://boxd.it/1Ls2Ct,,,,2021-04-02
2021-04-03,Sound of Metal,2019,https://boxd.it/1LuMuf,4.5,Yes,,2021-04-02
2021-04-04,The Great Beauty,2013,https://boxd.it/1LMz4J,4,,,2021-04-04
2021-04-05,Irreversible,2002,https://boxd.it/1LPFOz,,,,2021-04-04
2021-04-06,Decalogue I,1989,https://boxd.it/1M6jgT,4.5,,,2021-04-06
2021-04-10,Minari,2020,https://boxd.it/1MBSjb,4.5,Yes,,2021-04-09
2021-04-15,Blind Chance,1987,https://boxd.it/1NjvWn,4,,,2021-04-14
2021-04-16,Black Swan,2010,https://boxd.it/1NpMwj,4.5,,,2021-04-15
2021-04-17,Blade Runner,1982,https://boxd.it/1NzqXH,4,,,2021-04-16
2021-04-22,Judas and the Black Messiah,2021,https://boxd.it/1OhL0f,3.5,,,2021-04-21
2021-04-24,The Pianist,2002,https://boxd.it/1OxQiZ,3.5,,,2021-04-23
2021-05-01,Mirror,1975,https://boxd.it/1PzPPh,5,,,2021-04-30
2021-05-02,"Synecdoche, New York",2008,https://boxd.it/1PH60J,5,Yes,,2021-05-01
2021-05-06,Mean Girls,2004,https://boxd.it/1QgZlR,5,,,2021-05-05
2021-05-20,Man with a Movie Camera,1929,https://boxd.it/1SaKaP,,,,2021-05-20
2021-05-28,Perfect Blue,1997,https://boxd.it/1Tb5f1,4.5,,,2021-05-27
2021-06-08,Minding the Gap,2018,https://boxd.it/1UHmIR,5,Yes,,2021-06-02
2021-06-05,Nomadland,2020,https://boxd.it/1UhbZl,5,Yes,,2021-06-04
2021-06-09,The Room,2003,https://boxd.it/1USLg1,5,,,2021-06-09
2021-06-13,The Dirt,2019,https://boxd.it/1ViVlx,3.5,,,2021-06-12
2021-06-14,The Conjuring,2013,https://boxd.it/1VqQCJ,3,,,2021-06-12
2021-06-15,"Love, Death & Robots: Automated Customer Service",2021,https://boxd.it/1VFz2J,2,,,2021-06-15
2021-06-15,"Love, Death & Robots: Ice",2021,https://boxd.it/1VFCFJ,3,,,2021-06-15
2021-06-17,The Exorcist,1973,https://boxd.it/1VOM6x,4,,,2021-06-16
2021-06-17,"Love, Death & Robots: Pop Squad",2021,https://boxd.it/1VRxf1,3,,,2021-06-17
2021-06-17,"Love, Death & Robots: Snow in the Desert",2021,https://boxd.it/1VRVa5,2,,,2021-06-17
2021-06-17,"Love, Death & Robots: The Tall Grass",2021,https://boxd.it/1VS46h,3.5,,,2021-06-17
2021-06-19,"Love, Death & Robots: All Through the House",2021,https://boxd.it/1W5cdV,3,,,2021-06-19
2021-06-21,11.22.63,2016,https://boxd.it/1Wipbp,,,,2021-06-20
2021-06-24,"Love, Death & Robots: Life Hutch",2021,https://boxd.it/1WJxOX,,,,2021-06-23
2021-06-24,"Love, Death & Robots: The Drowned Giant",2021,https://boxd.it/1WJCsx,4,,,2021-06-23
2021-06-26,Decalogue II,1989,https://boxd.it/1WW56f,4,,,2021-06-25
2021-06-29,Bo Burnham: Inside,2021,https://boxd.it/1XmjPZ,4,,,2021-06-28
2021-07-02,Decalogue III,1989,https://boxd.it/1XLlqx,4,,,2021-07-01
2021-07-04,Decalogue IV,1989,https://boxd.it/1Y0D7j,3.5,,,2021-07-03
2021-07-04,Decalogue V,1989,https://boxd.it/1Y1Bkd,4.5,,,2021-07-03
2021-07-06,Decalogue VII,1989,https://boxd.it/1Ymx1D,4,,,2021-07-05
2021-07-08,Matthias & Maxime,2019,https://boxd.it/1YDaYB,3.5,,,2021-07-07
2021-07-08,Decalogue VI,1989,https://boxd.it/1YDG6V,4.5,,,2021-07-07
2021-07-14,Bo Burnham: What.,2013,https://boxd.it/1ZzTPv,3.5,,,2021-07-14
2021-07-19,Taxi Driver,1976,https://boxd.it/20j3Y3,4,,,2021-07-18
2021-07-23,Trainspotting,1996,https://boxd.it/20SHZF,4.5,,,2021-07-22
2021-07-25,Cruella,2021,https://boxd.it/21boZT,2.5,,,2021-07-24
2021-07-26,The Perks of Being a Wallflower,2012,https://boxd.it/21lmEf,3.5,,,2021-07-25
2021-07-27,Decalogue VIII,1989,https://boxd.it/21vdeR,,,,2021-07-26
2021-07-28,Decalogue IX,1989,https://boxd.it/21CXnp,3,,,2021-07-27
2021-07-29,Decalogue X,1989,https://boxd.it/21KbOt,4.5,,,2021-07-28
2021-07-30,Luca,2021,https://boxd.it/21SsGH,4,,,2021-07-29
2021-07-31,The Graduate,1967,https://boxd.it/223vVx,3.5,,,2021-07-30
2021-08-01,Frances Ha,2012,https://boxd.it/22ahVH,4,,,2021-07-31
2021-08-05,The Father,2020,https://boxd.it/22NOWh,4,,,2021-08-04
2021-08-08,Funny Games,1997,https://boxd.it/23eAY3,4,,,2021-08-07
2021-08-11,The Suicide Squad,2021,https://boxd.it/23G1PB,4,,,2021-08-10
2021-08-11,Breathless,1960,https://boxd.it/23NvGt,4,,,2021-08-11
2021-08-12,A Quiet Place Part II,2020,https://boxd.it/23PB1v,3.5,,,2021-08-11
2021-08-17,Before Sunrise,1995,https://boxd.it/24yIFx,4.5,Yes,,2021-08-16
2021-08-17,Like Crazy,2011,https://boxd.it/24EZWd,,,,2021-08-17
2021-08-19,Cruel Intentions,1999,https://boxd.it/24VPiL,4,,,2021-08-19
2021-08-21,Annette,2021,https://boxd.it/254flH,4.5,,,2021-08-20
2021-08-27,The Green Knight,2021,https://boxd.it/25W9qz,,,,2021-08-26
2021-08-28,About Time,2013,https://boxd.it/26bA67,3.5,,,2021-08-28
2021-09-06,Mistress America,2015,https://boxd.it/27pUAD,4,,,2021-09-06
2021-09-08,Eternal Sunshine of the Spotless Mind,2004,https://boxd.it/27Jv9x,,Yes,,2021-09-07
2021-09-16,There Will Be Blood,2007,https://boxd.it/28NhED,5,,,2021-09-15
2021-09-24,Andrei Rublev,1966,https://boxd.it/29PUQr,,,,2021-09-23
2021-11-07,Dekalog,1989,https://boxd.it/2gyjnh,4,,,2021-11-06
2021-11-08,Her,2013,https://boxd.it/2gFDMZ,5,Yes,,2021-11-06
2021-11-08,Dune,2021,https://boxd.it/2gGLaB,4,,,2021-11-07
2021-11-16,Closer,2004,https://boxd.it/2i34ol,2.5,,,2021-11-16
2021-11-27,Fallen Angels,1995,https://boxd.it/2jDQyp,5,,,2021-11-27
2021-12-10,Mystery Train,1989,https://boxd.it/2lzdfN,3,,,2021-12-09
2021-12-11,First Reformed,2017,https://boxd.it/2lIKMt,5,Yes,,2021-12-10
2021-12-12,Angel's Egg,1985,https://boxd.it/2lRRb3,4.5,,,2021-12-11
2021-12-15,Happy Together,1997,https://boxd.it/2mmTBJ,,,,2021-12-15
2021-12-19,First Cow,2019,https://boxd.it/2n0gKx,,,,2021-12-18
2021-12-23,Spider-Man: No Way Home,2021,https://boxd.it/2nN2VT,4,,,2021-12-22
2021-12-24,Dogville,2003,https://boxd.it/2o1jmp,5,,,2021-12-24
2022-01-03,Punch-Drunk Love,2002,https://boxd.it/2qAhKn,,Yes,,2022-01-02
2022-01-03,Dancer in the Dark,2000,https://boxd.it/2qTHDF,,,,2022-01-03
2022-01-14,Licorice Pizza,2021,https://boxd.it/2txY0N,,,,2022-01-13
2022-01-20,Titane,2021,https://boxd.it/2v4jv1,,,,2022-01-19
2022-01-23,In the Mood for Love,2000,https://boxd.it/2vCYSX,5,Yes,,2022-01-22
2022-01-28,The French Dispatch,2021,https://boxd.it/2wE5jh,4,,,2022-01-27
2022-02-09,Rear Window,1954,https://boxd.it/2yXQMh,,,,2022-02-08
2022-02-14,The Worst Person in the World,2021,https://boxd.it/2zSUHf,4,,,2022-02-13
2022-02-14,Normal People,2020,https://boxd.it/2zXhvf,5,Yes,,2022-02-14
2022-02-15,Blue Valentine,2010,https://boxd.it/2A65V9,4,Yes,,2022-02-14
2022-02-18,Mean Girls,2004,https://boxd.it/2AzQmN,5,Yes,,2022-02-17
2022-02-20,Drive My Car,2021,https://boxd.it/2AWHgR,4,,,2022-02-19
2022-02-21,Whiplash,2014,https://boxd.it/2BbuF5,5,,,2022-02-20
2022-02-25,Personal Shopper,2016,https://boxd.it/2BSMD3,,Yes,,2022-02-24
2022-02-26,Three Colours: Blue,1993,https://boxd.it/2C3wCF,,,,2022-02-25
2022-02-27,Three Colours: White,1994,https://boxd.it/2CeUJn,,,,2022-02-26
2022-02-28,Wheel of Fortune and Fantasy,2021,https://boxd.it/2Cno3x,3.5,,,2022-02-27
2022-03-03,The Tinder Swindler,2022,https://boxd.it/2CUBTH,2.5,,,2022-03-02
2022-03-06,Three Colours: Red,1994,https://boxd.it/2DuzZP,5,,,2022-03-05
2022-03-07,The Batman,2022,https://boxd.it/2DGRpJ,3.5,,,2022-03-06
2022-03-09,Eraserhead,1977,https://boxd.it/2E4KJZ,4,,,2022-03-08
2022-03-18,The Lost Daughter,2021,https://boxd.it/2FQx2t,3.5,,,2022-03-17
2022-03-20,Comet,2014,https://boxd.it/2G2Nzn,,,,2022-03-19
2022-03-21,Columbus,2017,https://boxd.it/2GjL6x,5,Yes,,2022-03-19
2022-03-21,Mommy,2014,https://boxd.it/2GlawH,5,Yes,,2022-03-20
2022-03-23,Lost Highway,1997,https://boxd.it/2GJLFf,,,,2022-03-22
2022-03-26,The House of the Devil,2009,https://boxd.it/2Hgn91,3,,,2022-03-25
2022-04-06,2001: A Space Odyssey,1968,https://boxd.it/2Jecyj,3.5,,,2022-04-05
2022-04-13,A Clockwork Orange,1971,https://boxd.it/2KtcKX,4.5,,,2022-04-12
2022-04-16,10 Things I Hate About You,1999,https://boxd.it/2L5nKv,5,Yes,,2022-04-16
2022-04-25,The Balcony Movie,2021,https://boxd.it/2MCo09,5,,,2022-04-24
2022-04-27,Everything Everywhere All at Once,2022,https://boxd.it/2N1FDn,5,,,2022-04-26
2022-04-29,My First Summer,2020,https://boxd.it/2Nia0N,3.5,,,2022-04-28
2022-04-30,You Have No Idea How Much I Love You,2016,https://boxd.it/2NsHAf,4,,,2022-04-29
2022-05-04,The Girl from the Other Side,2019,https://boxd.it/2Oe0cl,,,,2022-05-03
2022-05-26,Neon Genesis Evangelion,1995,https://boxd.it/2SbREH,4,,,2022-05-25
2022-06-04,Conversations with Friends,2022,https://boxd.it/2TJOcR,4.5,,,2022-06-04
2022-06-05,Chungking Express,1994,https://boxd.it/2TTHPH,4,,,2022-06-05
2022-06-08,Moonrise Kingdom,2012,https://boxd.it/2UskZf,4.5,,,2022-06-06
2022-06-18,The Double Life of Véronique,1991,https://boxd.it/2WdUq9,,,,2022-06-17
2022-06-23,Hereditary,2018,https://boxd.it/2Xd12P,5,,,2022-06-22
2022-07-03,Stranger Than Paradise,1984,https://boxd.it/2Z3HLv,4,,,2022-07-02
2022-07-07,After Yang,2021,https://boxd.it/2ZNccL,4,,,2022-07-06
2022-07-08,"Love, Death & Robots: Three Robots: Exit Strategies",2022,https://boxd.it/302nW1,2,,,2022-07-08
2022-07-08,"Love, Death & Robots: Bad Travelling",2022,https://boxd.it/302B2h,3,,,2022-07-08
2022-07-08,"Love, Death & Robots: Night of the Mini Dead",2022,https://boxd.it/302QzZ,4,,,2022-07-08
2022-07-08,"Love, Death & Robots: Swarm",2022,https://boxd.it/303cwX,3,,,2022-07-08
2022-07-09,Minions: The Rise of Gru,2022,https://boxd.it/309ykV,0.5,,,2022-07-08
2022-07-09,Despicable Me,2010,https://boxd.it/30d9BZ,3.5,,,2022-07-08
2022-07-11,The Cabinet of Dr. Caligari,1920,https://boxd.it/30FO4D,4,,,2022-07-10
2022-07-11,"Love, Death & Robots: Jibaro",2022,https://boxd.it/30EiLD,4.5,,,2022-07-11
2022-07-13,"Spring, Summer, Fall, Winter... and Spring",2003,https://boxd.it/30XGjh,,,,2022-07-12
2022-07-15,Amélie,2001,https://boxd.it/31w8uv,3,,,2022-07-15
2022-07-18,Drive,2011,https://boxd.it/322XOZ,,Yes,,2022-07-17
2022-08-11,Chungking Express,1994,https://boxd.it/37lo9P,4,Yes,,2022-08-10
2022-08-25,The Wind Rises,2013,https://boxd.it/3abRkf,3,,,2022-08-24
2022-09-04,After We Fell,2021,https://boxd.it/3bY6uJ,1,,,2022-09-03
2022-09-11,The Worst Person in the World,2021,https://boxd.it/3dkj1X,4,Yes,,2022-09-10
2022-09-13,Prey,2022,https://boxd.it/3dM8kv,2,,,2022-09-12
2022-09-14,Miss Americana,2020,https://boxd.it/3dSkgn,4,Yes,,2022-09-13
2022-09-16,Through a Glass Darkly,1961,https://boxd.it/3ee2xz,,,,2022-09-15
2022-09-22,Autumn Sonata,1978,https://boxd.it/3fmNTx,,,,2022-09-21
2022-09-26,Lady Bird,2017,https://boxd.it/3g9Edl,5,Yes,,2022-09-25
2022-10-03,The Virgin Suicides,1999,https://boxd.it/3hL5Lx,3,,,2022-09-30
2022-10-03,Manchester by the Sea,2016,https://boxd.it/3hL6fn,,,,2022-10-02
2022-10-18,Normal People,2020,https://boxd.it/3kTUBh,5,Yes,,2022-10-18
2022-11-02,Ex Machina,2015,https://boxd.it/3o7JPn,3.5,,,2022-11-01
2022-11-13,Aftersun,2022,https://boxd.it/3qmjM1,4.5,,,2022-11-12
2022-11-17,Heartbeats,2010,https://boxd.it/3rbt4P,4.5,Yes,,2022-11-16
2022-11-27,Anomalisa,2015,https://boxd.it/3te9Ul,4.5,,,2022-11-26
2022-11-28,Bones and All,2022,https://boxd.it/3tyPDL,4,,,2022-11-27
2022-11-28,Over the Garden Wall,2014,https://boxd.it/3tB0SL,5,Yes,,2022-11-28
2022-12-08,Vortex,2021,https://boxd.it/3vBvH3,,,,2022-12-07
2022-12-10,Nope,2022,https://boxd.it/3vYv4L,3,,,2022-12-09
2022-12-20,The Fabelmans,2022,https://boxd.it/3ygljv,3,,,2022-12-09
2022-12-23,Three Thousand Years of Longing,2022,https://boxd.it/3z8NJ5,3.5,,,2022-12-22
2023-01-03,After Ever Happy,2022,https://boxd.it/3DcNzt,1,,,2023-01-02
2023-01-06,Glass Onion,2022,https://boxd.it/3EqR5z,3.5,,,2023-01-05
2023-01-08,The Menu,2022,https://boxd.it/3F9TrR,3,,,2023-01-07
2023-01-08,Decision to Leave,2022,https://boxd.it/3FkAdD,,,,2023-01-08
2023-01-15,Aftersun,2022,https://boxd.it/3HP9Sp,4.5,Yes,,2023-01-13
2023-01-15,Fallen Angels,1995,https://boxd.it/3HP7z1,5,Yes,,2023-01-14
2023-01-27,The Whale,2022,https://boxd.it/3LDOl9,2.5,,,2023-01-26
2023-01-30,TÁR,2022,https://boxd.it/3MRdQh,4,,,2023-01-30
2023-02-03,The Banshees of Inisherin,2022,https://boxd.it/3NKRuZ,3.5,,,2023-02-02
2023-02-07,Paranoia Agent,2004,https://boxd.it/3P6hKb,5,,,2023-02-06
2023-02-08,Vivre Sa Vie,1962,https://boxd.it/3PmlmJ,,,,2023-02-07
2023-02-13,Marcel the Shell with Shoes On,2021,https://boxd.it/3QJ43P,4,,,2023-02-12
2023-02-14,Puss in Boots: The Last Wish,2022,https://boxd.it/3QZUmL,,,,2023-02-13
2023-02-16,In the Mood for Love,2000,https://boxd.it/3Ro6Zj,5,Yes,,2023-02-14
2023-02-16,The Royal Tenenbaums,2001,https://boxd.it/3RC3wL,,,,2023-02-16
2023-02-19,Coraline,2009,https://boxd.it/3SkiNv,5,,,2023-02-18
2023-02-26,We're All Going to the World's Fair,2021,https://boxd.it/3UcP17,,,,2023-02-25
2023-02-26,Bodies Bodies Bodies,2022,https://boxd.it/3Um1kN,3.5,,,2023-02-25
2023-03-03,Inside Llewyn Davis,2013,https://boxd.it/3VR6Fd,,,,2023-03-03
2023-03-08,Barbie and the Diamond Castle,2008,https://boxd.it/3X8q53,,,,2023-03-07
2023-03-18,Enter the Void,2009,https://boxd.it/3ZQvwJ,,,,2023-03-17
2023-03-19,Kiki's Delivery Service,1989,https://boxd.it/402jA9,4,Yes,,2023-03-18
2023-03-27,Grave of the Fireflies,1988,https://boxd.it/42bchb,3,,,2023-03-26
2023-05-15,Beau Is Afraid,2023,https://boxd.it/4fkoWZ,4,,,2023-04-24
2023-05-18,The Silence,1963,https://boxd.it/4gfbAF,,,,2023-05-17
2023-05-22,Blow-Up,1966,https://boxd.it/4hhOFH,,,,2023-05-21
2023-06-06,Cries and Whispers,1972,https://boxd.it/4laksZ,,,,2023-05-31
2023-06-06,BEEF,2023,https://boxd.it/4lak31,4.5,,,2023-06-05
2023-06-19,Asteroid City,2023,https://boxd.it/4ou8Qx,,,,2023-06-17
2023-07-03,Prisoners,2013,https://boxd.it/4sDr7v,,,,2023-07-02
2023-07-12,His House,2020,https://boxd.it/4vk13L,3.5,,,2023-07-12
2023-07-16,Shiva Baby,2020,https://boxd.it/4wsVCd,3.5,,,2023-07-15
2023-08-06,L'Avventura,1960,https://boxd.it/4EvJ5z,3.5,,,2023-08-05
2023-08-09,Conversations with Friends,2022,https://boxd.it/4FnEWB,4.5,Yes,,2023-08-08
2023-08-19,Caché,2005,https://boxd.it/4IJ64V,,,,2023-08-16
2023-08-19,"Red, White & Royal Blue",2023,https://boxd.it/4IJ6mb,,,,2023-08-17
2023-08-19,Past Lives,2023,https://boxd.it/4IJ7df,3.5,,,2023-08-19
2023-08-20,Barbie,2023,https://boxd.it/4IRjrT,3,,,2023-08-19
2023-08-25,Ratcatcher,1999,https://boxd.it/4KlZJp,,,,2023-08-24
2023-09-13,Reality,2023,https://boxd.it/4Q18yR,3,,,2023-08-28
2023-09-01,Jennifer's Body,2009,https://boxd.it/4MA3jB,4,,,2023-08-31
2023-09-08,The Wailing,2016,https://boxd.it/4OLslx,3.5,,,2023-09-06
2023-09-08,3-Iron,2004,https://boxd.it/4OLsK3,,,,2023-09-08
2023-09-15,Oppenheimer,2023,https://boxd.it/4QzbzV,4,,,2023-09-13
2023-09-16,Oldboy,2003,https://boxd.it/4QMw7z,4.5,,,2023-09-14
2023-09-20,Fresh,2022,https://boxd.it/4S0UgH,4,,,2023-09-19
2023-10-19,Portrait of a Lady on Fire,2019,https://boxd.it/51ayHR,5,Yes,,2023-10-18
2023-10-25,Daisy Jones & the Six,2023,https://boxd.it/531HwX,4.5,,,2023-10-23
2023-11-02,The Little Drummer Girl,2018,https://boxd.it/568Onf,3.5,,,2023-11-01
2023-11-03,Taylor Swift: The Eras Tour,2023,https://boxd.it/56hfRn,,,,2023-11-02
2023-11-05,Green Room,2015,https://boxd.it/56X9wx,,,,2023-11-04
2023-11-09,Talk to Me,2022,https://boxd.it/58cOdb,3,,,2023-11-08
2023-11-16,Buffalo '66,1998,https://boxd.it/5amLLR,,,,2023-11-15
2023-11-19,The Hunger Games: The Ballad of Songbirds & Snakes,2023,https://boxd.it/5bfVxF,5,,,2023-11-18
2023-11-21,The Hunger Games,2012,https://boxd.it/5c5R6z,3,Yes,,2023-11-20
2023-12-09,Mad Max: Fury Road,2015,https://boxd.it/5i5PSv,5,Yes,,2023-12-08
2023-12-10,Take Care of Maya,2023,https://boxd.it/5iFQ73,4,,,2023-12-09
2023-12-11,The Hunger Games: Catching Fire,2013,https://boxd.it/5iSoT5,4.5,,,2023-12-10
2023-12-17,Lessons in Chemistry,2023,https://boxd.it/5kNgMD,3.5,,,2023-12-10
2023-12-17,Akira,1988,https://boxd.it/5kNh27,3.5,,,2023-12-15
2023-12-17,"Something Left, Something Taken",2010,https://boxd.it/5kUkaR,,Yes,,2023-12-16
2023-12-17,Next Floor,2008,https://boxd.it/5kUJwt,4,Yes,,2023-12-16
2023-12-25,The Tatami Galaxy,2010,https://boxd.it/5obP3t,4,,,2023-12-16
2023-12-25,No Hard Feelings,2023,https://boxd.it/5obJVz,2,,,2023-12-23
2023-12-25,The Killer,2023,https://boxd.it/5obOjv,3,,,2023-12-24
2023-12-26,Priscilla,2023,https://boxd.it/5oAgSh,,,,2023-12-25
2023-12-27,Saltburn,2023,https://boxd.it/5pe4vZ,,,,2023-12-26
2023-12-30,Promising Young Woman,2020,https://boxd.it/5r1HPL,4,,,2023-12-29
2024-01-01,May December,2023,https://boxd.it/5swvMB,4,,,2024-01-01
2024-01-02,The Holdovers,2023,https://boxd.it/5sE1mp,4,,,2024-01-01
2024-01-04,Infinity Pool,2023,https://boxd.it/5tYHWX,,,,2024-01-03
2024-01-05,Showing Up,2022,https://boxd.it/5uGPFX,,,,2024-01-04
2024-01-09,The Boy and the Heron,2023,https://boxd.it/5xuZq7,4.5,,,2024-01-08
2024-01-09,Anatomy of a Fall,2023,https://boxd.it/5xCPs9,5,,,2024-01-09
2024-01-10,Society of the Snow,2023,https://boxd.it/5y8E79,,,,2024-01-09
2024-01-25,Poor Things,2023,https://boxd.it/5GceEL,5,,,2024-01-24
2024-01-29,The Crowded Room,2023,https://boxd.it/5I2Icl,5,,,2024-01-28
2024-02-04,The Favourite,2018,https://boxd.it/5KQmW5,4,Yes,,2024-02-03
2024-02-05,May December,2023,https://boxd.it/5Lgg8Z,5,Yes,,2024-02-04
2024-02-11,The Zone of Interest,2023,https://boxd.it/5OdytR,,,,2024-02-09
2024-02-13,All of Us Strangers,2023,https://boxd.it/5OWxc1,2,,,2024-02-12
2024-02-15,Fallen Leaves,2023,https://boxd.it/5PCSV1,,,,2024-02-14
2024-02-18,There Will Be Blood,2007,https://boxd.it/5R83SN,5,Yes,,2024-02-17
2024-02-20,Upgraded,2024,https://boxd.it/5S39Zz,1,,,2024-02-19
2024-03-02,One Day,2024,https://boxd.it/5X4FWf,3.5,,,2024-03-01
2024-03-19,Watchmen,2019,https://boxd.it/65w7kf,5,,,2024-03-19
2024-03-25,"Night Is Short, Walk on Girl",2017,https://boxd.it/67WL7v,,,,2024-03-24
2024-04-02,Monster,2023,https://boxd.it/6bEw21,4,,,2024-04-01
2024-04-11,Quiet on Set: The Dark Side of Kids TV,2024,https://boxd.it/6fDCcv,,,,2024-04-10
2024-04-21,Baby Reindeer,2024,https://boxd.it/6ju83B,,,,2024-04-20
2024-04-22,Civil War,2024,https://boxd.it/6k1fLr,,,,2024-04-21
2024-04-25,Terrorizers,1986,https://boxd.it/6l4vjj,4,,,2024-04-24
2024-04-25,Good Will Hunting,1997,https://boxd.it/6llD7p,3.5,,,2024-04-24
2024-04-28,No Country for Old Men,2007,https://boxd.it/6m8P6V,5,,,2024-04-26
2024-04-30,Challengers,2024,https://boxd.it/6njgiX,4.5,,,2024-04-29
